Date,universe_size,up4,down4,ratio5,ratio10,q_up25,q_dn25,m_up25,m_dn25,m_up50,m_dn50,d34_up13,d34_dn13,t2108,hsi,hsi_chg_pct,tracker_etf,tracker_etf_chg_pct
2024-01-08,918,32,146,0.396,0.967,104,111,56,37,27,13,127,277,36.773,16224.45,-1.88,16.36,-1.918
2024-01-09,918,57,56,0.479,0.94,105,103,56,33,29,11,128,257,36.623,16190.02,-0.212,16.34,-0.122
2024-01-10,920,40,59,0.519,0.992,103,112,55,35,25,11,120,285,35.23,16097.28,-0.573,16.25,-0.551
2024-01-11,917,73,42,0.634,0.992,100,125,56,32,25,13,118,280,36.703,16302.04,1.272,16.46,1.292
2024-01-12,920,38,79,0.628,0.643,92,131,53,34,25,13,123,279,38.116,16244.58,-0.352,16.39,-0.425
2024-01-15,911,10,24,0.838,0.545,91,130,49,38,21,15,115,321,37.058,16216.33,-0.174,16.37,-0.122
2024-01-16,915,50,163,0.575,0.523,86,166,50,35,19,16,112,329,33.553,15865.92,-2.161,16.0,-2.26
2024-01-17,918,20,424,0.261,0.352,75,223,38,66,18,15,90,390,22.503,15276.9,-3.712,15.4,-3.75
2024-01-18,918,76,33,0.268,0.395,82,192,36,72,15,17,90,367,23.71,15391.79,0.752,15.53,0.844
2024-01-19,916,33,113,0.25,0.377,80,190,31,75,14,17,95,364,21.586,15308.69,-0.54,15.44,-0.58
2024-01-22,911,25,358,0.187,0.312,66,248,31,105,15,20,71,419,15.504,14961.18,-2.27,15.11,-2.137
2024-01-23,915,153,39,0.317,0.388,76,203,31,85,14,21,80,379,18.605,15353.98,2.625,15.48,2.449
2024-01-24,911,265,35,0.955,0.567,87,154,34,75,19,23,91,307,27.697,15899.87,3.555,16.06,3.747
2024-01-25,913,195,38,1.151,0.662,92,136,34,58,18,22,127,243,35.333,16211.96,1.963,16.35,1.806
2024-01-26,914,48,155,1.098,0.633,92,150,34,73,19,20,120,282,33.111,15952.23,-1.602,16.1,-1.529
2024-01-29,907,46,77,2.055,0.635,95,157,34,92,16,18,128,277,34.826,16077.24,0.784,16.23,0.807
2024-01-30,898,34,205,1.153,0.606,85,179,30,139,17,19,120,304,27.652,15703.45,-2.325,15.83,-2.465
2024-01-31,898,33,156,0.564,0.751,79,227,33,139,11,18,107,332,25.056,15485.07,-1.391,15.62,-1.327
2024-02-01,894,90,50,0.39,0.752,75,232,30,122,12,14,97,336,26.387,15566.21,0.524,15.74,0.768
2024-02-02,895,30,121,0.383,0.745,79,222,27,129,8,16,99,325,26.328,15533.56,-0.21,15.66,-0.508
2024-02-05,891,27,136,0.32,0.91,76,235,20,131,6,15,84,362,23.007,15510.01,-0.152,15.63,-0.192
2024-02-06,893,376,29,1.13,1.142,79,190,20,76,8,16,90,328,30.341,16136.87,4.042,16.28,4.159
2024-02-07,891,49,63,1.434,0.901,70,224,19,80,8,15,96,319,30.296,16081.89,-0.341,16.2,-0.491
2024-02-08,891,93,36,1.494,0.804,70,244,26,64,10,16,94,274,32.232,15878.07,-1.267,16.0,-1.235
2024-02-09,876,46,98,1.633,0.849,69,242,23,84,10,14,86,312,30.012,15746.58,-0.828,15.88,-0.75
2024-02-14,878,67,69,2.139,0.877,71,251,25,80,8,14,84,325,29.48,15879.38,0.843,16.02,0.882
2024-02-15,878,56,36,1.03,1.092,75,230,30,84,7,12,93,301,29.249,15944.63,0.411,16.08,0.375
2024-02-16,875,355,17,2.41,1.815,86,172,35,45,13,7,102,229,45.37,16339.96,2.479,16.5,2.612
2024-02-19,870,61,144,1.607,1.549,84,188,39,36,14,7,85,308,41.909,16155.61,-1.128,16.29,-1.273
2024-02-20,871,77,47,1.968,1.788,80,190,38,36,15,6,90,317,45.592,16247.51,0.569,16.38,0.552
2024-02-21,869,145,24,2.59,2.353,76,193,49,28,19,6,94,245,55.0,16503.1,1.573,16.65,1.648
2024-02-22,871,106,29,2.851,1.874,89,175,106,29,26,5,110,209,58.96,16742.949,1.453,16.92,1.622
2024-02-23,870,71,31,1.673,2.028,94,158,91,27,25,3,113,192,60.417,16725.859,-0.102,16.88,-0.236
2024-02-26,872,81,40,2.807,1.991,87,172,77,26,22,2,121,183,61.201,16634.74,-0.545,16.77,-0.652
2024-02-27,877,77,32,3.077,2.337,85,159,65,28,25,2,156,137,65.75,16790.801,0.938,16.96,1.133
2024-02-28,883,40,162,1.276,1.902,89,189,68,26,28,1,136,164,58.02,16536.85,-1.512,16.68,-1.651
2024-02-29,884,99,50,1.168,1.931,93,202,79,27,27,2,154,151,60.795,16511.439,-0.154,16.63,-0.3
2024-03-01,889,76,65,1.069,1.335,96,192,94,26,26,3,147,170,63.277,16589.439,0.472,16.72,0.541
2024-03-04,890,76,93,0.915,1.48,97,191,110,31,35,5,144,173,62.867,16595.971,0.039,16.74,0.12
2024-03-05,890,22,209,0.541,1.079,96,214,89,34,28,4,137,212,52.144,16162.64,-2.611,16.3,-2.628
2024-03-06,894,100,35,0.825,1.003,108,180,115,27,35,6,154,171,57.671,16438.09,1.704,16.6,1.84
2024-03-07,893,44,130,0.598,0.81,107,201,120,25,34,5,230,138,53.475,16229.78,-1.267,16.42,-1.084
2024-03-08,896,95,39,0.666,0.83,119,181,96,25,33,6,238,133,58.771,16353.39,0.762,16.56,0.853
2024-03-11,899,125,51,0.832,0.871,120,149,113,22,35,5,282,110,64.294,16587.57,1.432,16.79,1.389
2024-03-12,913,216,40,1.966,1.022,127,115,121,24,39,5,414,88,74.48,17093.5,3.05,17.32,3.157
2024-03-13,922,52,103,1.466,1.11,129,126,150,31,41,7,364,96,69.523,17082.109,-0.067,17.32,0.0
2024-03-14,925,62,76,1.78,1.032,134,126,145,30,42,8,282,113,69.189,16961.66,-0.705,17.17,-0.866
2024-03-15,923,62,93,1.424,0.983,141,130,140,40,52,8,237,135,65.764,16720.891,-1.419,16.95,-1.281
2024-03-18,925,109,57,1.358,1.065,149,123,94,41,42,8,282,115,67.459,16737.119,0.097,16.96,0.059
2024-03-19,932,37,106,0.74,1.236,130,143,90,43,36,7,248,126,61.481,16529.48,-1.241,16.75,-1.238
2024-03-20,928,74,43,0.917,1.187,143,130,98,37,38,8,293,104,62.608,16543.07,0.082,16.77,0.119
2024-03-21,933,106,52,1.105,1.421,148,132,89,37,35,8,359,92,64.523,16863.1,1.935,17.1,1.968
2024-03-22,932,48,175,0.864,1.119,123,156,72,47,27,8,290,104,56.867,16499.471,-2.156,16.71,-2.281
2024-03-25,932,71,73,0.748,1.023,127,149,67,51,27,9,309,101,53.004,16473.641,-0.157,16.68,-0.18
2024-03-26,936,53,75,0.842,0.79,130,145,69,56,19,11,330,92,51.496,16618.32,0.878,16.84,0.959
2024-03-27,935,49,123,0.657,0.769,123,150,64,71,19,14,255,117,47.273,16392.84,-1.357,16.62,-1.306
2024-03-28,937,111,71,0.642,0.829,122,154,77,60,22,15,268,123,48.132,16541.42,0.906,16.75,0.782
2024-04-02,936,143,108,0.949,0.907,141,143,75,64,24,14,268,132,51.816,16931.52,2.358,17.15,2.388
2024-04-03,936,59,87,0.894,0.823,139,151,72,72,22,9,296,128,50.214,16725.1,-1.219,16.94,-1.224
2024-04-05,936,45,142,0.766,0.8,117,180,69,62,23,9,270,148,43.91,16723.92,-0.007,16.94,0.0
2024-04-08,943,122,70,1.004,0.827,124,194,87,44,27,8,285,138,48.144,16732.85,0.053,16.97,0.177
2024-04-09,946,120,34,1.109,0.857,130,170,78,44,24,8,248,164,51.695,16828.07,0.569,17.08,0.648
2024-04-10,943,71,59,1.064,1.002,132,156,85,44,28,8,268,150,52.71,17139.17,1.849,17.39,1.815
2024-04-11,944,61,67,1.126,0.998,139,161,86,48,28,10,268,161,50.106,17095.029,-0.258,17.34,-0.288
2024-04-12,944,48,134,1.159,0.926,135,160,68,58,27,11,226,192,45.754,16721.689,-2.184,16.97,-2.134
2024-04-15,938,41,119,0.826,0.921,138,157,67,70,21,11,204,230,43.376,16600.461,-0.725,16.82,-0.884
2024-04-16,939,23,189,0.43,0.726,126,174,68,83,22,10,177,269,36.82,16248.97,-2.117,16.49,-1.962
2024-04-17,934,86,40,0.472,0.718,132,170,60,73,22,10,180,262,38.734,16251.84,0.018,16.48,-0.061
2024-04-18,932,63,32,0.508,0.767,128,169,60,72,19,10,173,269,40.645,16385.869,0.825,16.63,0.91
2024-04-19,930,32,107,0.503,0.784,130,172,53,78,18,10,184,255,36.785,16224.14,-0.987,16.47,-0.962
2024-04-22,924,78,55,0.667,0.745,127,159,56,64,16,8,176,257,38.37,16511.689,1.772,16.71,1.457
2024-04-23,921,75,49,1.18,0.679,135,146,55,66,17,11,180,246,41.33,16828.93,1.921,17.06,2.095
2024-04-24,927,124,28,1.373,0.77,192,113,56,58,15,9,195,213,46.262,17201.27,2.212,17.43,2.169
2024-04-25,931,75,35,1.401,0.819,183,109,66,38,19,10,239,176,49.028,17284.539,0.484,17.51,0.459
2024-04-26,942,234,25,3.052,1.224,228,96,81,36,19,8,247,156,58.485,17651.15,2.121,17.9,2.227
2024-04-29,945,148,46,3.585,1.548,281,80,84,30,19,8,277,119,62.473,17746.91,0.543,17.82,-0.447
2024-04-30,930,66,71,3.156,2.01,252,84,84,29,22,9,263,125,63.489,17763.029,0.091,17.84,0.112
2024-05-02,929,228,47,3.353,2.269,236,74,89,27,25,7,271,114,69.631,18207.131,2.5,18.31,2.635
2024-05-03,925,98,51,3.225,2.253,226,79,93,23,22,7,241,121,71.242,18475.92,1.476,18.56,1.365
2024-05-06,930,108,74,2.242,2.565,244,69,96,23,26,6,243,115,75.406,18578.301,0.554,18.68,0.647
2024-05-07,934,52,58,1.834,2.496,237,61,121,25,28,10,258,108,75.512,18479.369,-0.533,18.56,-0.642
2024-05-08,941,51,136,1.467,2.074,253,59,82,24,25,8,249,119,69.231,18313.859,-0.896,18.41,-0.808
2024-05-09,939,179,22,1.431,2.193,313,58,97,19,27,7,284,99,77.837,18537.811,1.223,18.67,1.412
2024-05-10,943,207,36,1.831,2.422,339,51,124,16,35,6,345,76,81.45,18963.68,2.297,19.12,2.41
2024-05-13,953,132,41,2.119,2.18,379,45,146,16,36,7,363,81,83.017,19115.061,0.798,19.27,0.785
2024-05-14,960,71,56,2.199,2.014,397,42,178,18,36,7,365,82,83.141,19073.711,-0.216,19.23,-0.208
2024-05-16,966,142,59,3.416,2.186,347,44,207,16,47,8,417,70,81.998,19376.529,1.588,19.53,1.56
2024-05-17,983,166,46,3.017,2.083,392,41,288,13,94,8,478,67,83.845,19553.609,0.914,19.72,0.973
2024-05-20,989,121,70,2.324,2.055,386,37,292,15,89,7,508,57,84.959,19636.221,0.422,19.81,0.456
2024-05-21,998,35,242,1.131,1.509,381,46,225,18,77,7,477,64,80.282,19220.619,-2.117,19.35,-2.322
2024-05-22,1000,96,42,1.22,1.6,403,42,271,18,86,7,503,61,80.503,19195.6,-0.13,19.34,-0.052
2024-05-23,1002,25,188,0.753,1.464,363,48,226,17,72,7,418,68,76.707,18868.711,-1.703,19.02,-1.655
2024-05-24,1005,36,165,0.443,1.091,281,63,196,16,60,5,386,80,69.469,18608.939,-1.377,18.79,-1.209
2024-05-27,1014,128,46,0.469,0.997,322,65,188,22,60,5,465,78,73.736,18827.35,1.174,19.0,1.118
2024-05-28,1011,47,76,0.642,0.876,312,64,168,23,61,6,426,79,72.266,18821.16,-0.033,19.02,0.105
2024-05-29,1009,38,70,0.503,0.831,260,76,125,27,47,4,375,93,67.296,18477.01,-1.829,18.71,-1.63
2024-05-30,1005,35,95,0.628,0.699,248,83,103,29,40,4,337,95,63.673,18230.189,-1.336,18.46,-1.336
2024-05-31,1004,76,82,0.878,0.592,233,94,107,21,39,4,332,97,60.04,18079.609,-0.826,18.3,-0.867
2024-06-03,1002,70,82,0.657,0.539,239,90,95,25,37,6,378,98,61.662,18403.039,1.789,18.62,1.749
2024-06-04,996,115,41,0.903,0.751,236,86,93,29,38,6,405,83,63.545,18444.109,0.223,18.66,0.215
2024-06-05,997,30,109,0.797,0.629,244,81,86,31,36,6,441,71,59.658,18424.961,-0.104,18.66,0.0
2024-06-06,995,62,88,0.878,0.746,244,86,76,28,41,6,415,72,57.157,18476.801,0.281,18.76,0.536
2024-06-07,990,80,57,0.947,0.913,228,77,97,31,36,4,399,75,57.548,18366.949,-0.595,18.66,-0.533
2024-06-11,987,45,134,0.774,0.717,213,81,77,37,34,3,384,77,47.053,18176.34,-1.038,18.5,-0.857
2024-06-12,977,45,76,0.565,0.715,237,75,68,40,33,3,359,79,43.121,17937.84,-1.312,18.29,-1.135
2024-06-13,970,80,36,0.798,0.798,216,74,63,36,33,2,353,78,43.375,18112.631,0.974,18.46,0.929
2024-06-14,966,88,50,0.958,0.915,230,68,68,38,31,3,315,90,44.121,17941.779,-0.943,18.27,-1.029
2024-06-17,955,55,108,0.775,0.858,198,75,62,48,30,4,264,86,39.368,17936.119,-0.032,18.3,0.164
2024-06-18,952,57,59,0.988,0.867,192,82,67,76,28,5,226,119,39.282,17915.551,-0.115,18.29,-0.055
2024-06-19,945,88,34,1.282,0.839,184,93,62,71,26,5,222,121,43.723,18430.391,2.874,18.81,2.843
2024-06-20,938,36,110,0.898,0.846,181,97,58,67,26,6,201,141,37.005,18335.32,-0.516,18.71,-0.532
2024-06-21,939,37,82,0.695,0.819,169,98,56,79,25,6,180,185,34.081,18028.52,-1.673,18.4,-1.657
2024-06-24,933,38,107,0.653,0.715,164,102,52,69,24,8,161,214,30.215,18027.711,-0.004,18.4,0.0
2024-06-25,935,50,56,0.64,0.799,163,100,53,57,24,10,150,209,32.223,18072.9,0.251,18.43,0.163
2024-06-26,940,68,37,0.584,0.879,168,81,48,59,21,9,152,199,31.731,18089.93,0.094,18.47,0.217
2024-06-27,936,37,135,0.552,0.712,156,95,45,67,22,8,146,215,27.361,17716.471,-2.064,18.13,-1.841
2024-06-28,929,76,45,0.708,0.701,159,95,49,65,22,8,135,234,29.87,17718.609,0.012,18.12,-0.055
2024-07-02,929,59,109,0.759,0.705,170,97,43,61,26,7,113,292,29.686,17769.141,0.285,18.19,0.386
2024-07-03,928,97,42,0.916,0.774,185,82,45,60,20,7,112,289,32.286,17978.57,1.179,18.4,1.154
2024-07-04,922,38,58,0.789,0.686,183,85,47,51,20,10,105,298,32.279,18028.279,0.276,18.51,0.598
2024-07-05,922,43,55,1.013,0.748,179,89,45,63,17,10,109,325,31.516,17799.609,-1.268,18.26,-1.351
2024-07-08,919,29,146,0.649,0.677,155,95,43,66,19,11,95,398,26.068,17524.061,-1.548,18.08,-0.986
2024-07-09,920,72,42,0.813,0.785,147,90,41,60,16,10,90,397,27.352,17523.23,-0.005,18.05,-0.166
2024-07-10,916,34,71,0.581,0.747,134,91,36,62,17,9,94,358,24.725,17471.67,-0.294,18.02,-0.166
2024-07-11,908,159,21,1.006,0.89,160,77,37,45,14,8,95,326,30.966,17832.33,2.064,18.4,2.109
2024-07-12,912,112,35,1.289,1.152,153,73,37,39,12,7,110,256,36.133,18293.381,2.585,18.86,2.5
2024-07-15,907,31,101,1.511,0.991,137,83,35,50,14,9,104,253,32.556,18015.939,-1.517,18.58,-1.485
2024-07-16,908,48,43,1.417,1.08,126,91,35,54,12,7,89,291,30.556,17727.98,-1.598,18.28,-1.615
2024-07-17,904,49,71,1.472,0.956,120,82,27,44,13,8,85,273,31.027,17739.41,0.064,18.28,0.0
2024-07-18,903,42,38,0.979,0.994,138,84,27,47,15,10,93,248,32.849,17778.41,0.22,18.33,0.274
2024-07-19,893,18,130,0.491,0.851,112,85,26,57,11,11,79,265,27.006,17417.68,-2.029,17.98,-1.909
2024-07-22,899,60,46,0.662,1.045,141,74,24,53,13,7,82,257,29.966,17635.881,1.253,18.22,1.335
2024-07-23,891,21,78,0.523,0.905,126,76,24,44,12,9,79,291,26.954,17469.359,-0.944,18.02,-1.098
2024-07-24,889,32,70,0.478,0.904,122,83,27,46,10,6,79,334,25.51,17311.051,-0.906,17.88,-0.777
2024-07-25,885,27,76,0.395,0.64,114,80,25,48,11,5,79,332,20.273,17021.91,-1.67,17.57,-1.734
2024-07-26,884,53,29,0.645,0.559,103,80,23,52,9,6,68,307,22.998,17021.311,-0.004,17.55,-0.114
2024-07-29,883,52,57,0.597,0.63,106,84,29,47,9,6,73,318,25.057,17238.34,1.275,17.84,1.652
2024-07-30,886,42,60,0.705,0.605,88,97,29,50,11,7,75,297,21.257,17002.91,-1.366,17.55,-1.626
2024-07-31,878,227,30,1.591,0.935,99,79,38,33,15,7,80,230,30.911,17344.6,2.01,17.96,2.336
2024-08-01,878,45,57,1.798,0.912,83,102,32,39,9,6,80,262,31.142,17304.961,-0.229,17.85,-0.612
2024-08-02,877,29,84,1.372,1.002,71,123,32,42,10,5,69,291,27.168,16945.51,-2.077,17.51,-1.905
2024-08-05,877,22,222,0.806,0.721,53,132,25,40,10,5,53,312,18.75,16698.359,-1.459,17.25,-1.485
2024-08-06,881,102,26,1.014,0.887,54,157,29,33,12,4,55,289,23.441,16647.34,-0.306,17.2,-0.29
2024-08-07,879,76,25,0.662,1.014,63,150,27,31,13,4,52,305,26.968,16877.859,1.385,17.43,1.337
2024-08-08,872,28,59,0.618,1.042,59,153,27,33,13,5,57,287,26.224,16891.83,0.083,17.44,0.057
2024-08-09,869,50,36,0.755,1.026,57,145,25,38,14,4,67,241,29.942,17090.23,1.175,17.66,1.261
2024-08-12,867,35,57,1.433,1.0,60,139,24,40,11,3,76,233,30.796,17111.65,0.125,17.66,0.0
2024-08-13,865,39,28,1.112,1.046,54,155,22,32,8,3,73,236,29.812,17174.061,0.365,17.73,0.396
2024-08-14,862,23,48,0.768,0.699,48,186,21,39,6,4,63,253,27.797,17113.359,-0.353,17.66,-0.395
2024-08-15,864,38,30,0.93,0.719,43,193,21,37,6,4,72,219,29.142,17109.141,-0.025,17.69,0.17
2024-08-16,860,54,24,1.011,0.841,52,190,22,35,5,3,84,200,33.412,17430.16,1.876,18.01,1.809
2024-08-19,855,63,43,1.254,1.351,52,191,20,34,6,1,87,188,35.986,17569.57,0.8,18.15,0.777
2024-08-20,859,32,72,0.968,1.038,49,214,22,38,4,3,79,223,32.979,17511.08,-0.333,18.08,-0.386
2024-08-21,856,47,50,1.068,0.915,50,243,20,31,4,2,74,221,32.266,17391.01,-0.686,17.96,-0.664
2024-08-22,867,43,54,0.984,0.959,58,214,31,35,6,2,86,225,32.904,17641.0,1.437,18.22,1.448
2024-08-23,863,38,62,0.794,0.88,52,238,32,35,7,3,87,196,33.06,17612.1,-0.164,18.21,-0.055
2024-08-26,862,87,36,0.901,1.038,55,194,29,34,9,4,94,185,36.972,17798.73,1.06,18.37,0.879
2024-08-27,858,65,52,1.102,1.04,58,173,28,33,7,4,96,176,39.882,17874.67,0.427,18.47,0.544
2024-08-28,860,32,68,0.974,1.016,53,202,36,39,9,6,87,247,36.15,17692.449,-1.019,18.3,-0.92
2024-08-29,858,59,52,1.041,1.014,51,192,26,42,10,5,73,261,38.425,17786.32,0.531,18.37,0.383
2024-08-30,865,119,30,1.521,1.127,55,174,26,37,14,3,86,217,43.372,17989.07,1.14,18.61,1.306
2024-09-02,872,39,136,0.929,0.917,58,183,37,41,14,4,95,240,40.369,17691.971,-1.652,18.3,-1.666
2024-09-03,873,44,42,0.893,0.985,55,175,47,34,16,5,91,239,39.655,17651.49,-0.229,18.28,-0.109
2024-09-04,871,25,75,0.854,0.908,49,183,36,42,15,7,81,256,35.64,17457.34,-1.1,18.08,-1.094
2024-09-05,871,45,28,0.875,0.952,52,195,36,43,16,7,102,226,37.327,17444.301,-0.075,18.09,0.055
2024-09-09,874,38,141,0.453,0.838,52,206,40,49,17,10,90,271,33.945,17196.961,-1.418,17.84,-1.382
2024-09-10,882,40,104,0.492,0.695,45,222,41,59,15,13,92,266,31.364,17234.09,0.216,17.91,0.392
2024-09-11,878,33,73,0.43,0.633,51,239,41,61,15,13,102,269,29.909,17108.711,-0.728,17.77,-0.782
2024-09-12,881,64,53,0.551,0.689,53,204,42,60,17,13,117,230,30.944,17240.391,0.77,17.94,0.957
2024-09-13,882,63,38,0.582,0.708,58,195,49,58,15,10,118,232,34.205,17369.09,0.746,18.07,0.725
2024-09-16,878,73,49,0.861,0.628,61,199,52,53,19,9,127,241,33.904,17422.119,0.305,18.13,0.332
2024-09-17,877,50,33,1.15,0.747,58,202,54,53,18,11,150,212,36.728,17660.02,1.366,18.35,1.213
2024-09-19,875,175,41,1.986,0.954,61,163,52,42,17,11,132,200,44.381,18013.16,2.0,18.72,2.016
2024-09-20,880,111,42,2.325,1.15,64,158,64,40,17,8,153,178,50.855,18258.57,1.362,18.94,1.175
2024-09-23,883,54,79,1.898,1.074,60,167,64,47,18,11,163,173,50.909,18247.109,-0.063,18.95,0.053
2024-09-24,890,337,31,3.217,1.842,67,136,77,38,20,11,245,106,64.6,19000.561,4.129,19.74,4.169
2024-09-25,891,69,53,3.033,2.091,74,128,71,35,20,9,235,114,66.329,19129.1,0.677,19.84,0.507
2024-09-26,902,438,31,4.275,3.187,108,100,125,34,25,9,303,82,78.309,19924.58,4.158,20.66,4.133
2024-09-27,922,453,25,6.169,4.32,151,78,192,27,46,10,430,63,84.766,20632.301,3.552,21.34,3.291
2024-09-30,963,524,19,11.453,5.667,230,60,366,21,125,6,556,59,88.438,21133.68,2.43,21.82,2.249
2024-10-02,1023,509,49,11.26,6.749,383,49,474,21,216,4,695,49,89.902,22443.73,6.199,23.14,6.049
2024-10-03,1046,73,360,4.126,3.758,358,60,417,19,193,5,658,50,88.506,22113.51,-1.471,22.82,-1.383
2024-10-04,1073,386,74,3.691,3.872,432,47,551,17,263,5,759,47,90.103,22736.869,2.819,23.46,2.805
2024-10-07,1119,558,60,3.648,4.355,530,43,673,14,362,4,869,34,92.397,23099.779,1.596,23.8,1.449
2024-10-08,1137,25,929,1.054,2.067,323,59,475,15,209,5,663,61,88.722,20926.789,-9.407,21.64,-9.076
2024-10-09,1146,40,489,0.566,1.472,284,66,394,19,154,6,576,68,84.528,20637.24,-1.384,21.32,-1.479
2024-10-10,1151,248,92,0.765,1.529,342,59,489,15,185,4,652,70,86.162,21251.98,2.979,21.96,3.002
2024-10-14,1151,62,263,0.509,1.219,312,68,465,17,175,2,618,76,84.073,21092.869,-0.749,21.8,-0.729
2024-10-15,1154,27,478,0.179,0.872,264,70,391,20,144,3,536,87,74.479,20318.789,-3.67,21.06,-3.394
2024-10-16,1161,160,74,0.385,0.728,253,80,392,16,144,4,565,84,75.151,20286.85,-0.157,20.98,-0.38
2024-10-17,1169,54,201,0.497,0.541,220,87,332,13,130,3,504,88,71.551,20079.1,-1.024,20.76,-1.049
2024-10-18,1175,457,22,0.732,0.752,282,70,431,16,168,4,591,68,78.961,20804.109,3.611,21.5,3.565
2024-10-21,1170,55,115,0.846,0.619,282,72,404,19,157,3,603,71,77.502,20478.461,-1.565,21.2,-1.395
2024-10-22,1172,84,47,1.765,0.447,285,66,377,14,145,4,607,73,76.706,20498.949,0.1,21.22,0.094
2024-10-23,1174,121,54,1.756,0.713,297,67,359,15,138,4,610,77,77.342,20760.15,1.274,21.48,1.225
2024-10-24,1172,38,179,1.811,0.856,304,71,342,14,131,3,588,72,73.805,20489.619,-1.303,21.22,-1.21
2024-10-25,1177,114,56,0.914,0.787,311,67,297,12,122,3,625,68,74.087,20590.15,0.491,21.34,0.566
2024-10-28,1178,150,64,1.268,0.977,352,64,309,18,133,4,656,68,74.788,20599.359,0.045,21.32,-0.094
2024-10-29,1172,79,95,1.121,1.447,352,62,220,17,102,4,624,69,72.099,20701.141,0.494,21.42,0.469
2024-10-30,1152,65,99,0.905,1.306,348,64,160,24,78,5,632,66,66.435,20380.641,-1.548,20.46,-4.482
2024-10-31,1126,80,78,1.245,1.536,331,63,116,44,61,3,637,58,64.413,20317.33,-0.311,20.46,0.0
2024-11-01,1104,60,95,1.007,0.959,339,58,84,149,46,22,681,52,65.154,20506.43,0.931,20.62,0.782
2024-11-04,1076,89,68,0.857,1.054,357,58,85,113,40,16,645,46,65.922,20567.52,0.298,20.68,0.291
2024-11-05,1028,205,24,1.371,1.233,337,62,61,112,31,8,631,48,71.22,21006.971,2.137,21.12,2.128
2024-11-06,1012,51,90,1.366,1.098,327,61,49,202,27,11,589,52,66.27,20538.381,-2.231,20.64,-2.273
2024-11-07,1008,226,49,1.936,1.558,376,54,72,34,36,6,616,52,70.618,20953.34,2.02,21.08,2.132
2024-11-08,1003,56,87,1.972,1.417,401,55,88,32,37,7,575,51,68.068,20728.189,-1.075,20.82,-1.233
2024-11-11,996,67,137,1.563,1.19,370,53,80,32,37,7,523,59,61.089,20426.93,-1.453,20.56,-1.249
2024-11-12,995,39,253,0.713,0.957,330,55,88,29,37,7,507,66,47.071,19846.881,-2.84,19.97,-2.87
2024-11-13,993,53,81,0.727,0.963,332,51,98,21,45,5,432,74,41.802,19823.449,-0.118,19.94,-0.15
2024-11-14,986,28,216,0.314,0.795,288,55,89,27,43,5,381,81,31.804,19435.811,-1.955,19.55,-1.956
2024-11-15,980,62,77,0.326,0.81,286,55,91,22,37,6,272,100,29.641,19426.34,-0.049,19.55,0.0
2024-11-18,973,65,67,0.356,0.788,287,55,75,33,30,8,203,159,30.269,19576.609,0.774,19.71,0.818
2024-11-19,974,85,43,0.605,0.665,317,48,78,31,31,8,152,268,31.921,19663.67,0.445,19.79,0.406
2024-11-20,972,101,45,0.761,0.741,319,51,75,31,30,9,118,404,33.264,19705.01,0.21,19.82,0.152
2024-11-21,971,52,89,1.137,0.555,298,55,62,35,26,10,132,361,29.668,19601.109,-0.527,19.72,-0.505
2024-11-22,970,30,243,0.684,0.465,262,52,66,37,28,9,103,507,22.43,19229.971,-1.893,19.34,-1.927
2024-11-25,970,89,60,0.744,0.514,273,50,65,42,27,10,90,593,24.091,19150.99,-0.411,19.29,-0.259
2024-11-26,957,60,81,0.641,0.624,259,46,55,42,25,9,122,355,23.101,19159.199,0.043,19.27,-0.104
2024-11-27,959,134,25,0.733,0.746,291,47,57,37,27,9,156,222,25.552,19603.131,2.317,19.76,2.543
2024-11-28,959,46,85,0.727,0.888,286,50,58,38,25,9,136,289,25.447,19366.961,-1.205,19.5,-1.316
2024-11-29,954,91,38,1.453,0.97,281,48,62,33,27,9,157,216,30.021,19423.609,0.293,19.6,0.513
2024-12-02,947,109,38,1.648,1.067,294,45,68,26,26,8,195,123,34.824,19550.289,0.652,19.74,0.714
2024-12-03,948,59,61,1.777,1.008,306,46,60,24,27,8,182,139,39.745,19746.32,1.003,19.88,0.709
2024-12-04,940,51,49,1.314,0.938,289,48,54,37,28,9,201,112,39.55,19742.461,-0.02,19.88,0.0
2024-12-05,931,59,35,1.67,1.018,259,46,55,34,23,7,159,169,37.636,19560.439,-0.922,19.72,-0.805
2024-12-06,931,87,28,1.73,1.57,303,42,55,39,24,7,176,131,45.445,19865.85,1.561,20.04,1.623
2024-12-09,933,223,35,2.303,1.935,341,42,62,25,23,6,191,108,60.39,20414.09,2.76,20.56,2.595
2024-12-10,938,39,119,1.726,1.75,339,39,54,26,27,6,168,125,53.656,20311.279,-0.504,20.48,-0.389
2024-12-11,937,92,41,1.938,1.618,345,36,75,16,25,6,203,100,55.759,20155.051,-0.769,20.32,-0.781
2024-12-12,942,87,29,2.095,1.896,382,35,72,23,27,6,206,113,60.557,20397.051,1.201,20.54,1.083
2024-12-13,943,35,170,1.208,1.39,373,33,81,20,30,6,166,151,47.752,19971.24,-2.088,20.08,-2.24
2024-12-16,938,40,86,0.658,1.182,380,30,74,24,31,4,154,167,46.286,19795.49,-0.88,19.93,-0.747
2024-12-17,941,50,69,0.77,1.154,363,29,66,23,29,4,167,156,42.658,19700.48,-0.48,19.9,-0.151
2024-12-18,943,85,44,0.746,1.215,365,29,77,20,37,2,180,147,46.581,19864.551,0.833,20.04,0.704
2024-12-19,948,34,80,0.543,1.101,351,33,65,22,31,1,173,170,43.889,19752.51,-0.564,19.92,-0.599
2024-12-20,945,53,69,0.753,0.995,343,37,64,27,29,6,156,181,40.512,19720.699,-0.161,19.89,-0.151
2024-12-23,947,68,50,0.929,0.77,315,35,73,21,31,6,148,210,43.085,19883.131,0.824,20.02,0.654
2024-12-24,933,58,27,1.104,0.905,306,36,69,25,29,6,152,175,46.386,20098.289,1.082,20.28,1.299
2024-12-27,944,72,56,1.011,0.856,311,33,79,24,32,4,144,226,48.081,20090.461,-0.039,20.22,-0.296
2024-12-30,947,69,50,1.27,0.805,271,33,81,23,30,3,158,227,48.672,20041.42,-0.244,20.18,-0.198
2024-12-31,938,59,42,1.449,1.026,270,36,88,22,31,2,162,190,51.073,20059.949,0.092,20.24,0.297
2025-01-02,941,49,200,0.819,0.869,196,47,72,29,28,3,157,185,40.214,19623.32,-2.177,19.78,-2.273
2025-01-03,943,46,83,0.684,0.846,153,62,64,33,23,5,166,195,39.594,19760.27,0.698,19.94,0.809
2025-01-06,934,62,78,0.629,0.776,127,125,63,30,27,3,186,154,39.655,19688.289,-0.364,19.88,-0.301
2025-01-07,936,53,55,0.587,0.83,112,211,59,29,27,4,170,140,36.667,19447.58,-1.223,19.63,-1.258
2025-01-08,932,28,117,0.447,0.744,116,186,52,38,25,4,159,173,33.153,19279.84,-0.863,19.47,-0.815
2025-01-09,927,57,35,0.668,0.744,98,235,55,41,25,5,155,180,35.435,19240.891,-0.202,19.43,-0.205
2025-01-10,917,28,129,0.551,0.619,86,331,50,72,24,9,128,230,30.769,19064.289,-0.918,19.27,-0.823
2025-01-13,916,45,76,0.512,0.573,104,176,47,62,19,9,121,212,28.053,18874.141,-0.997,19.09,-0.934
2025-01-14,914,161,32,0.82,0.694,114,105,48,58,18,9,150,122,33.811,19219.779,1.831,19.44,1.833
2025-01-15,914,39,50,1.025,0.664,106,122,40,66,18,7,148,144,32.819,19286.07,0.345,19.48,0.206
2025-01-16,919,73,33,1.081,0.86,116,92,47,49,19,9,163,128,36.583,19522.891,1.228,19.75,1.386
2025-01-17,916,45,33,1.621,0.926,132,65,47,39,19,7,150,148,37.912,19584.061,0.313,19.79,0.203
2025-01-20,915,98,31,2.324,1.061,133,70,56,35,22,5,163,129,42.621,19925.811,1.745,20.12,1.668
2025-01-21,918,79,35,1.835,1.144,146,60,51,39,19,5,168,139,44.786,20106.551,0.907,20.32,0.994
2025-01-22,921,47,77,1.636,1.266,119,87,55,40,20,6,153,172,40.197,19778.77,-1.63,19.97,-1.722
2025-01-23,923,40,68,1.266,1.161,121,89,57,39,20,6,143,174,39.454,19700.561,-0.395,19.9,-0.351
2025-01-24,942,90,28,1.481,1.549,133,82,58,37,23,5,164,157,43.897,20066.189,1.856,20.26,1.809
2025-01-27,939,85,51,1.317,1.728,125,90,58,35,23,4,168,143,48.009,20197.77,0.656,20.4,0.691
2025-01-28,915,56,31,1.247,1.492,130,75,52,30,22,4,165,154,47.682,20225.109,0.135,20.46,0.294
2025-02-03,929,61,89,1.243,1.416,127,91,59,31,25,4,140,225,45.109,20217.26,-0.039,20.44,-0.098
2025-02-04,934,127,36,1.783,1.52,132,87,63,32,23,4,153,161,49.675,20789.961,2.833,21.0,2.74
2025-02-05,932,52,85,1.305,1.384,124,87,66,26,23,2,144,185,46.095,20597.09,-0.928,20.8,-0.952
2025-02-06,930,124,27,1.567,1.444,140,69,86,22,27,2,149,176,53.152,20891.619,1.43,21.1,1.442
2025-02-07,940,121,37,1.77,1.518,136,64,88,13,31,2,173,124,56.498,21133.539,1.158,21.34,1.137
2025-02-10,942,120,34,2.484,1.802,143,58,104,9,35,1,198,101,61.117,21521.98,1.838,21.72,1.781
2025-02-11,949,39,132,1.448,1.591,139,67,102,11,31,1,187,107,54.216,21294.859,-1.055,21.52,-0.921
2025-02-12,958,160,40,2.089,1.681,142,71,115,9,39,1,194,108,64.195,21857.92,2.644,22.06,2.509
2025-02-13,963,39,152,1.213,1.356,131,80,112,10,34,2,191,112,56.164,21814.369,-0.199,22.0,-0.272
2025-02-14,971,251,20,1.611,1.678,153,86,174,8,57,1,248,79,68.201,22620.33,3.695,22.82,3.727
2025-02-17,984,97,76,1.395,1.768,159,75,152,5,62,1,247,82,69.04,22616.23,-0.018,22.82,0.0
2025-02-18,988,85,60,1.816,1.641,160,75,164,9,66,2,253,88,68.14,22976.811,1.594,23.18,1.578
2025-02-19,989,100,35,1.668,1.853,180,61,168,10,70,1,255,89,67.454,22944.24,-0.142,23.14,-0.173
2025-02-20,985,80,78,2.279,1.645,180,65,167,10,68,3,259,99,65.396,22576.98,-1.601,22.76,-1.642
2025-02-21,992,175,41,1.852,1.716,219,65,184,16,74,3,279,109,66.769,23477.92,3.991,23.68,4.042
2025-02-24,1006,115,98,1.779,1.559,214,61,182,19,72,2,332,87,68.58,23341.609,-0.581,23.54,-0.591
2025-02-25,1006,52,144,1.318,1.551,212,67,173,18,69,1,326,92,63.948,23034.02,-1.318,23.24,-1.274
2025-02-26,1011,233,37,1.646,1.656,218,56,201,18,81,3,377,78,71.772,23787.93,3.273,23.96,3.098
2025-02-27,1012,109,72,1.745,1.962,206,60,180,17,70,1,382,78,74.477,23718.289,-0.293,23.94,-0.083
2025-02-28,1022,29,382,0.734,1.051,190,61,142,21,53,2,335,83,63.968,22941.32,-3.276,23.16,-3.258
2025-03-03,1034,112,65,0.764,1.077,222,55,144,21,53,2,353,73,64.878,23006.27,0.283,23.22,0.259
2025-03-04,1037,56,54,0.884,1.055,222,54,145,20,57,2,398,68,65.792,22941.77,-0.28,23.14,-0.345
2025-03-05,1032,151,21,0.769,1.121,242,49,150,20,67,3,464,61,70.537,23594.211,2.844,23.8,2.852
2025-03-06,1035,207,26,1.013,1.318,243,54,186,20,79,4,456,65,75.195,24369.711,3.287,24.62,3.445
2025-03-07,1035,66,106,2.176,1.124,254,58,161,22,72,5,454,63,74.441,24231.301,-0.568,24.52,-0.406
2025-03-10,1035,89,99,1.859,1.097,245,64,147,29,60,6,417,74,72.939,23783.49,-1.848,24.08,-1.794
2025-03-11,1034,110,62,1.984,1.258,237,67,133,27,63,5,424,72,72.26,23782.141,-0.006,24.04,-0.166
2025-03-12,1038,73,85,1.442,1.031,234,63,145,30,72,5,407,71,70.56,23600.311,-0.765,23.98,-0.25
2025-03-13,1040,52,88,0.886,0.956,227,66,128,32,61,7,371,77,67.213,23462.65,-0.583,23.76,-0.917
2025-03-14,1047,180,48,1.319,1.676,249,64,161,31,63,5,443,77,72.727,23959.98,2.12,24.26,2.104
2025-03-17,1050,126,63,1.564,1.702,258,69,138,32,51,7,478,68,74.427,24145.57,0.775,24.46,0.824
2025-03-18,1052,133,36,1.762,1.872,244,72,139,31,60,6,483,66,76.571,24740.57,2.464,25.04,2.371
2025-03-19,1056,89,67,1.921,1.654,262,63,147,27,63,6,466,70,76.281,24771.141,0.124,25.08,0.16
2025-03-20,1063,68,131,1.728,1.256,251,69,143,37,63,5,442,71,72.667,24219.949,-2.225,24.54,-2.153
2025-03-21,1061,49,217,0.905,1.081,228,84,121,37,50,7,420,83,66.195,23689.721,-2.189,24.0,-2.2
2025-03-24,1061,105,71,0.851,1.135,246,67,121,39,47,6,389,95,66.1,23905.561,0.911,24.2,0.833
2025-03-25,1062,48,162,0.554,0.954,234,71,105,39,39,6,373,94,58.491,23344.25,-2.348,23.66,-2.231
2025-03-26,1064,93,59,0.567,1.001,243,67,119,31,40,6,360,97,61.77,23483.32,0.596,23.78,0.507
2025-03-27,1065,113,75,0.699,1.081,246,68,102,40,36,6,360,119,61.43,23578.801,0.407,23.88,0.421
2025-03-28,1066,77,121,0.893,0.899,244,69,100,39,35,6,336,126,56.632,23426.6,-0.646,23.72,-0.67
2025-03-31,1075,76,207,0.652,0.743,245,81,121,40,43,8,331,143,48.228,23119.58,-1.311,23.46,-1.096
2025-04-01,1085,116,66,0.9,0.709,249,80,122,44,41,7,328,165,51.017,23206.84,0.377,23.5,0.171
2025-04-02,1087,91,54,0.904,0.719,247,83,121,40,43,6,359,139,51.937,23202.529,-0.019,23.52,0.085
2025-04-03,1084,35,170,0.639,0.668,237,87,99,44,34,6,294,195,44.866,22849.811,-1.52,23.14,-1.616
2025-04-07,1102,4,995,0.216,0.383,127,188,47,249,16,12,129,458,14.299,19828.301,-13.223,20.04,-13.397
2025-04-08,1102,305,29,0.419,0.494,137,179,58,207,22,10,154,412,18.215,20127.68,1.51,20.32,1.397
2025-04-09,1103,182,55,0.474,0.596,163,146,63,164,22,8,159,406,20.473,20264.49,0.68,20.54,1.083
2025-04-10,1105,210,33,0.574,0.67,186,126,60,137,25,11,168,349,22.707,20681.779,2.059,21.0,2.24
2025-04-11,1099,150,38,0.74,0.705,196,122,72,123,29,10,186,361,25.456,20914.689,1.126,21.22,1.048
2025-04-14,1100,202,25,5.828,0.82,217,102,79,82,31,9,202,320,30.264,21417.4,2.404,21.72,2.356
2025-04-15,1092,64,58,3.866,0.892,224,92,70,94,29,9,206,288,30.028,21466.27,0.228,21.76,0.184
2025-04-16,1091,40,189,1.942,0.779,203,104,66,145,27,11,167,387,26.195,21056.98,-1.907,21.34,-1.93
2025-04-17,1080,91,53,1.507,0.78,222,85,58,155,23,12,160,374,28.691,21395.141,1.606,21.72,1.781
2025-04-22,1075,188,54,1.544,0.939,248,82,68,133,27,13,205,276,33.053,21562.32,0.781,21.9,0.829
2025-04-23,1066,182,59,1.368,2.722,244,80,58,88,27,11,217,237,37.1,22072.619,2.367,22.4,2.283
2025-04-24,1056,77,52,1.42,2.25,242,76,76,72,23,11,211,243,37.012,21909.76,-0.738,22.22,-0.804
2025-04-25,1058,57,59,2.148,2.034,243,73,69,65,22,13,188,266,37.132,21980.74,0.324,22.32,0.45
2025-04-28,1060,77,86,1.874,1.676,226,74,77,52,30,11,177,324,37.381,21971.961,-0.04,22.32,0.0
2025-04-29,1052,93,30,1.699,1.611,226,74,78,44,32,9,184,300,38.719,22008.109,0.165,22.14,-0.806
2025-04-30,1045,82,36,1.468,1.407,224,74,69,40,26,9,190,279,41.482,22119.41,0.506,22.26,0.542
2025-05-02,1042,138,43,1.76,1.551,247,59,64,32,24,10,194,244,46.042,22504.68,1.742,22.66,1.797
2025-05-06,1040,113,76,1.856,2.004,258,61,67,28,33,7,190,238,47.969,22662.711,0.702,22.84,0.794
2025-05-07,1038,62,98,1.724,1.803,249,68,68,31,25,8,203,217,49.516,22691.881,0.129,22.84,0.0
2025-05-08,1031,74,58,1.508,1.6,231,62,69,28,25,7,184,242,52.293,22775.92,0.37,22.94,0.438
2025-05-09,1011,70,62,1.356,1.405,230,65,70,26,29,5,183,272,53.181,22867.74,0.403,23.06,0.523
2025-05-12,1010,204,66,1.453,1.58,256,58,274,14,64,4,170,248,66.567,23549.461,2.981,23.74,2.949
2025-05-13,1011,82,69,1.394,1.595,239,61,205,16,63,4,169,258,62.463,23108.27,-1.873,23.26,-2.022
2025-05-14,1013,108,43,1.805,1.766,262,57,212,15,53,4,187,217,67.889,23640.65,2.304,23.82,2.408
2025-05-15,1017,53,77,1.631,1.57,244,67,162,16,45,2,198,178,64.625,23453.16,-0.793,23.66,-0.672
2025-05-16,1020,61,53,1.649,1.496,242,73,149,17,46,2,192,191,63.018,23345.051,-0.461,23.56,-0.423
2025-05-19,1021,68,53,1.261,1.366,235,83,129,17,47,2,217,158,64.236,23332.721,-0.053,23.54,-0.085
2025-05-20,1019,110,37,1.521,1.448,254,74,138,17,47,2,233,160,68.904,23681.48,1.495,23.88,1.444
2025-05-21,1020,118,37,1.595,1.708,249,77,173,20,63,2,228,140,72.387,23827.779,0.618,24.06,0.754
2025-05-22,1025,62,83,1.593,1.614,256,73,164,20,55,2,224,149,67.941,23544.311,-1.19,23.76,-1.247
2025-05-23,1019,78,60,1.615,1.633,232,86,136,18,44,1,230,116,70.217,23601.26,0.242,23.82,0.253
2025-05-26,1029,75,87,1.457,1.361,218,91,115,17,38,2,213,137,68.78,23282.33,-1.351,23.52,-1.259
2025-05-27,1027,96,36,1.416,1.465,231,90,124,17,42,2,222,130,70.968,23381.99,0.428,23.66,0.595
2025-05-28,1024,50,74,1.062,1.291,224,95,117,18,39,3,230,107,71.009,23258.311,-0.529,23.56,-0.423
2025-05-29,1027,166,35,1.592,1.593,238,85,141,16,50,2,665,36,76.367,23573.381,1.355,23.86,1.273
2025-05-30,1026,83,89,1.464,1.533,231,95,132,18,55,4,578,43,74.707,23289.77,-1.203,23.58,-1.174
2025-06-02,1032,71,103,1.383,1.418,226,103,144,17,54,5,518,53,68.447,23157.971,-0.566,23.48,-0.424
2025-06-03,1039,129,42,1.455,1.437,242,83,136,15,57,3,500,55,75.097,23512.49,1.531,23.82,1.448
2025-06-04,1042,132,37,1.899,1.458,238,97,150,17,58,4,492,59,77.242,23654.029,0.602,23.96,0.588
2025-06-05,1049,104,60,1.568,1.579,239,90,143,18,58,3,438,53,79.31,23906.971,1.069,24.2,1.002
2025-06-06,1051,75,63,1.675,1.567,272,75,147,17,61,5,445,53,77.342,23792.539,-0.479,24.16,-0.165
2025-06-09,1055,166,38,2.525,1.858,278,71,165,16,69,4,549,50,78.857,24181.43,1.635,24.5,1.407
2025-06-10,1062,105,62,2.238,1.793,290,67,176,12,73,4,544,55,80.605,24162.869,-0.077,24.5,0.0
2025-06-11,1065,126,40,2.19,2.033,281,64,180,13,76,3,543,53,83.302,24366.939,0.845,24.74,0.98
2025-06-12,1073,133,58,2.318,1.899,281,80,195,16,83,3,510,57,80.899,24035.381,-1.361,24.46,-1.132
2025-06-13,1081,77,160,1.696,1.686,285,80,190,16,79,3,507,66,78.273,23892.561,-0.594,24.26,-0.818
2025-06-16,1086,155,37,1.669,2.013,300,69,207,15,86,3,532,56,80.204,24060.99,0.705,24.48,0.907
2025-06-17,1086,53,163,1.188,1.568,273,75,177,13,69,2,497,52,77.428,23980.301,-0.335,24.4,-0.327
2025-06-18,1088,87,59,1.059,1.461,277,70,167,17,67,4,473,58,75.346,23710.689,-1.124,24.12,-1.148
2025-06-19,1092,31,240,0.612,1.096,261,82,145,19,65,4,411,66,63.687,23237.74,-1.995,23.64,-1.99
2025-06-20,1100,89,79,0.718,1.092,248,86,145,17,59,5,413,83,65.599,23530.48,1.26,23.92,1.184
2025-06-23,1103,109,65,0.609,1.002,248,84,144,18,57,5,414,79,68.007,23689.131,0.674,24.1,0.753
2025-06-24,1106,155,52,0.952,1.065,245,83,155,19,53,5,440,63,73.291,24177.07,2.06,24.6,2.075
2025-06-25,1120,124,61,1.022,1.04,240,78,174,21,54,4,481,64,75.158,24474.67,1.231,24.9,1.22
2025-06-26,1126,82,115,1.503,0.933,255,81,165,20,53,4,487,71,73.746,24325.4,-0.61,24.76,-0.562
2025-06-27,1131,87,70,1.534,1.033,280,70,144,22,36,4,436,72,72.881,24284.15,-0.17,24.7,-0.242
2025-06-30,1136,129,45,1.682,0.997,270,71,162,26,45,3,463,69,73.535,24072.279,-0.872,24.52,-0.729
2025-07-02,1138,146,87,1.503,1.19,307,59,183,21,41,5,472,76,75.908,24221.41,0.62,24.64,0.489
2025-07-03,1139,110,58,1.477,1.218,307,59,177,23,47,6,507,71,77.297,24069.939,-0.625,24.54,-0.406
2025-07-04,1137,82,64,1.71,1.599,297,53,160,24,44,6,509,77,74.867,23916.061,-0.639,24.4,-0.571
2025-07-07,1146,97,79,1.694,1.611,315,51,157,23,44,5,504,78,74.517,23887.83,-0.118,24.36,-0.164
2025-07-08,1145,145,49,1.721,1.701,350,44,177,26,57,3,511,78,76.19,24148.07,1.089,24.64,1.149
2025-07-09,1150,108,54,1.783,1.628,340,43,171,33,56,3,483,84,75.505,23892.32,-1.059,24.38,-1.055
2025-07-10,1160,192,47,2.13,1.763,362,46,179,30,68,4,557,77,76.675,24028.369,0.569,24.52,0.574
2025-07-11,1166,136,49,2.439,2.047,402,40,179,28,72,3,568,70,78.547,24139.57,0.463,24.62,0.408
2025-07-14,1168,168,50,3.008,2.256,706,27,182,23,74,4,607,64,80.138,24203.32,0.264,24.7,0.325
2025-07-15,1174,109,88,2.476,2.069,653,28,180,21,81,5,597,60,80.515,24590.119,1.598,25.08,1.538
2025-07-16,1173,115,53,2.509,2.135,658,29,173,21,76,5,610,52,81.701,24517.76,-0.294,24.98,-0.399
2025-07-17,1180,148,54,2.299,2.215,622,28,215,19,87,3,594,54,81.368,24498.949,-0.077,25.0,0.08
2025-07-18,1188,125,55,2.217,2.324,624,27,232,19,89,3,612,57,83.22,24825.66,1.334,25.32,1.28
2025-07-21,1194,152,80,1.967,2.415,582,28,298,17,106,5,683,63,83.516,24994.141,0.679,25.46,0.553
2025-07-22,1206,131,109,1.912,2.166,624,26,302,15,106,3,663,60,82.874,25130.029,0.544,25.6,0.55
2025-07-23,1207,102,74,1.769,2.091,669,26,299,15,105,3,644,65,83.375,25538.07,1.624,26.02,1.641
2025-07-24,1225,184,54,1.866,2.057,685,27,293,12,109,3,680,66,85.644,25667.18,0.506,26.16,0.538
2025-07-25,1232,77,79,1.631,1.884,650,29,258,12,97,3,669,67,83.934,25388.35,-1.086,25.88,-1.07
2025-07-28,1232,124,93,1.511,1.714,605,33,275,11,116,3,632,75,83.32,25562.131,0.684,26.06,0.696
2025-07-29,1233,138,51,1.781,1.846,627,31,290,11,123,4,623,78,82.02,25524.449,-0.147,26.02,-0.153
2025-07-30,1236,89,144,1.454,1.602,610,32,268,13,110,4,575,80,80.738,25176.93,-1.362,25.66,-1.384
2025-07-31,1241,69,218,0.85,1.245,585,34,232,14,107,3,507,95,73.938,24773.33,-1.603,25.26,-1.559
2025-08-01,1248,57,170,0.706,1.048,569,35,211,16,84,3,491,104,68.13,24507.811,-1.072,24.98,-1.108
2025-08-04,1254,158,70,0.783,1.063,576,40,220,18,98,3,493,99,69.361,24733.449,0.921,25.2,0.881
2025-08-05,1260,174,49,0.84,1.17,580,37,246,15,108,3,545,80,72.603,24902.529,0.684,25.36,0.635
2025-08-06,1258,109,72,0.979,1.179,565,35,238,15,102,3,569,89,71.59,24910.631,0.033,25.42,0.237
2025-08-07,1251,107,64,1.424,1.091,576,37,245,13,98,3,663,74,75.0,25081.631,0.686,25.56,0.551
2025-08-08,1248,96,87,1.883,1.101,578,30,220,16,98,3,644,75,73.556,24858.82,-0.888,25.38,-0.704
2025-08-11,1251,154,66,1.893,1.161,581,33,225,19,101,2,641,80,73.377,24906.811,0.193,25.4,0.079
2025-08-12,1247,93,82,1.507,1.082,559,34,211,21,100,2,587,83,74.023,24969.68,0.252,25.48,0.315
2025-08-13,1254,181,58,1.768,1.28,591,28,225,18,105,2,595,81,75.789,25613.67,2.579,26.08,2.355
2025-08-14,1257,120,70,1.774,1.585,572,32,223,20,103,1,604,75,75.706,25519.32,-0.368,26.02,-0.23
2025-08-15,1262,178,75,2.068,1.977,595,36,226,21,103,3,630,72,74.92,25270.07,-0.977,25.8,-0.846
2025-08-18,1260,220,77,2.188,2.046,616,37,246,25,106,5,648,70,75.663,25176.85,-0.369,25.66,-0.543
2025-08-19,1261,110,108,2.085,1.802,605,36,217,29,99,4,620,69,74.639,25122.9,-0.214,25.62,-0.156
2025-08-20,1258,87,150,1.49,1.608,575,42,190,26,98,1,587,67,71.543,25165.939,0.171,25.66,0.156
2025-08-21,1254,113,78,1.451,1.589,571,41,193,24,88,1,597,66,71.176,25104.609,-0.244,25.62,-0.156
2025-08-22,1258,139,64,1.403,1.685,609,42,194,26,88,1,590,59,71.348,25339.141,0.934,25.84,0.859
2025-08-25,1260,195,95,1.301,1.676,630,39,214,23,100,2,613,71,74.82,25829.91,1.937,26.36,2.012
2025-08-26,1268,98,120,1.247,1.61,629,41,210,25,86,3,585,78,71.168,25524.92,-1.181,26.02,-1.29
2025-08-27,1269,68,246,1.017,1.226,586,43,187,29,79,3,522,100,62.094,25201.76,-1.266,25.7,-1.23
2025-08-28,1263,66,140,0.851,1.105,585,41,175,27,68,3,493,108,58.28,24998.82,-0.805,25.5,-0.778
2025-08-29,1270,165,91,0.855,1.079,561,47,197,25,80,4,489,118,59.494,25077.619,0.315,25.62,0.471
2025-09-01,1279,183,113,0.817,1.016,582,48,226,27,92,4,496,116,60.33,25617.42,2.153,26.16,2.108
2025-09-02,1277,68,164,0.729,0.937,578,45,187,31,80,3,467,133,55.643,25496.551,-0.472,26.04,-0.459
2025-09-03,1270,112,67,1.033,1.025,551,43,187,28,80,3,448,146,52.366,25343.43,-0.601,25.9,-0.538
2025-09-04,1264,58,204,0.917,0.883,514,47,168,32,68,3,410,168,47.544,25058.51,-1.124,25.62,-1.081
2025-09-05,1268,242,30,1.147,0.988,532,48,195,29,73,4,414,147,53.439,25417.98,1.435,25.98,1.405
2025-09-08,1267,172,83,1.19,0.979,561,50,202,37,73,4,423,133,56.329,25633.91,0.85,26.2,0.847
2025-09-09,1264,104,94,1.439,1.005,526,49,182,34,67,4,416,138,56.305,25938.131,1.187,26.54,1.298
2025-09-10,1259,102,77,1.389,1.197,522,55,178,35,65,2,395,153,58.758,26200.26,1.011,26.8,0.98
2025-09-11,1262,93,81,1.953,1.294,512,53,162,36,59,5,403,152,59.539,26086.32,-0.435,26.72,-0.299
2025-09-12,1267,144,58,1.565,1.316,507,52,180,33,57,5,410,140,60.966,26388.16,1.157,27.0,1.048
2025-09-15,1267,117,92,1.393,1.276,513,52,166,37,56,5,399,154,59.066,26446.561,0.221,27.08,0.296
2025-09-16,1271,105,123,1.302,1.374,496,58,160,44,56,7,409,138,58.847,26438.51,-0.03,27.06,-0.074
2025-09-17,1275,147,88,1.371,1.381,523,51,171,44,55,5,470,124,60.866,26908.391,1.777,27.52,1.7
2025-09-18,1276,82,124,1.227,1.539,520,57,184,38,54,5,474,114,56.132,26544.85,-1.351,27.18,-1.235
2025-09-19,1274,103,101,1.049,1.269,558,47,168,46,60,6,459,129,55.827,26545.1,0.001,27.2,0.074
2025-09-22,1267,115,86,1.057,1.203,534,49,168,50,63,6,413,143,52.139,26344.141,-0.757,26.96,-0.882
2025-09-23,1266,86,121,1.025,1.15,510,50,150,53,58,5,397,151,48.692,26159.119,-0.702,26.8,-0.593
2025-09-24,1261,77,94,0.88,1.104,486,53,150,50,61,7,379,162,47.57,26518.65,1.374,27.18,1.418
2025-09-25,1259,73,91,0.921,1.073,471,53,168,37,63,5,383,169,45.411,26484.68,-0.128,27.14,-0.147
2025-09-26,1257,72,150,0.78,0.913,448,54,167,42,61,6,352,188,43.485,26128.199,-1.346,26.78,-1.326
2025-09-29,1253,222,68,1.011,1.034,476,49,178,40,63,4,370,159,47.592,26622.881,1.893,27.24,1.718
2025-09-30,1256,197,44,1.434,1.214,492,51,171,40,73,4,368,159,53.163,26855.561,0.874,27.52,1.028
2025-10-02,1267,177,78,1.719,1.258,500,50,194,34,75,5,393,171,53.925,27287.119,1.607,27.96,1.599
2025-10-03,1264,104,70,1.883,1.358,477,49,192,34,81,7,382,186,51.113,27140.92,-0.536,27.78,-0.644
2025-10-06,1269,125,51,2.653,1.463,474,47,207,29,94,6,362,205,51.582,26957.77,-0.675,27.58,-0.72
2025-10-08,1271,115,85,2.189,1.465,481,47,190,27,80,4,375,202,50.672,26829.461,-0.476,27.46,-0.435
2025-10-09,1265,113,211,1.281,1.354,462,59,184,30,75,5,374,201,50.516,26752.59,-0.287,27.4,-0.218
2025-10-10,1265,46,271,0.731,1.112,431,59,154,38,67,4,334,237,45.592,26290.32,-1.728,26.96,-1.606
2025-10-13,1265,80,154,0.62,1.058,401,65,141,45,66,5,306,264,40.952,25889.48,-1.525,26.54,-1.558
2025-10-14,1257,48,258,0.411,0.951,361,70,115,43,62,4,257,316,34.824,25441.35,-1.731,26.12,-1.583
2025-10-15,1259,217,46,0.536,0.964,363,75,123,42,65,6,286,263,42.618,25910.6,1.844,26.56,1.685
2025-10-16,1254,93,75,0.602,0.861,355,72,120,43,60,6,300,212,43.349,25888.51,-0.085,26.54,-0.075
2025-10-17,1249,24,405,0.493,0.593,320,89,98,61,46,4,255,256,33.95,25247.1,-2.478,25.86,-2.562
2025-10-20,1244,139,52,0.623,0.622,322,85,95,44,52,3,274,231,38.319,25858.83,2.423,26.52,2.552
2025-10-21,1239,86,79,0.851,0.587,322,90,101,46,47,4,271,225,40.016,26027.551,0.652,26.7,0.679
2025-10-22,1236,57,89,0.57,0.551,297,95,102,51,49,3,271,216,38.649,25781.77,-0.944,26.42,-1.049
2025-10-23,1227,55,114,0.488,0.548,287,94,91,61,41,4,252,241,38.443,25967.98,0.722,26.6,0.681
2025-10-24,1231,95,62,1.091,0.67,286,92,94,48,42,7,272,197,40.196,26160.15,0.74,,
2025-10-27,1225,162,38,1.191,0.801,280,93,100,37,46,4,261,213,46.305,26433.699,1.046,27.04,
2025-10-28,1229,47,126,0.97,0.898,276,100,88,42,43,4,230,252,42.144,26346.141,-0.331,26.98,-0.222
2025-10-30,1235,97,113,1.007,0.742,267,111,91,40,45,4,232,276,41.517,26282.689,-0.241,26.4,-2.15
2025-10-31,1223,84,117,1.064,0.708,254,125,81,54,39,6,215,278,37.15,25906.65,-1.431,26.06,-1.288
2025-11-03,1225,114,85,1.052,1.07,265,113,76,55,40,9,227,272,39.062,26158.359,0.972,26.26,0.767
2025-11-04,1228,54,204,0.614,0.829,264,113,68,87,40,7,194,342,34.783,25952.4,-0.787,26.04,-0.838
2025-11-05,1227,69,94,0.682,0.8,285,104,67,106,40,7,195,344,34.429,25935.41,-0.065,26.04,0.0
2025-11-06,1222,124,53,0.805,0.896,275,106,62,107,36,10,208,316,39.819,26485.9,2.123,26.6,2.151
2025-11-07,1215,69,140,0.747,0.887,253,131,61,128,35,12,198,349,37.708,26241.83,-0.922,26.34,-0.977
2025-11-10,1210,196,53,0.941,0.993,259,116,66,79,41,10,219,302,44.954,26649.061,1.552,26.8,1.746
2025-11-11,1201,82,59,1.353,0.897,250,124,70,65,37,10,214,297,44.958,26696.41,0.178,26.84,0.149
2025-11-12,1203,103,79,1.495,0.995,251,121,73,56,38,9,228,285,47.523,26922.73,0.848,27.04,0.745
2025-11-13,1203,99,62,1.397,1.051,245,122,78,42,39,6,238,251,49.034,27073.029,0.558,27.18,0.518
2025-11-14,1207,68,128,1.438,1.022,237,120,76,45,37,5,230,263,44.398,26572.461,-1.849,26.72,-1.692
2025-11-17,1207,69,125,0.929,0.936,223,142,74,57,33,7,232,294,42.642,26384.279,-0.708,26.52,-0.748
2025-11-18,1214,35,209,0.62,0.912,208,158,81,56,45,6,204,294,36.575,25930.029,-1.722,26.06,-1.735
2025-11-19,1214,66,81,0.557,0.921,203,163,77,60,40,7,186,339,36.658,25830.65,-0.383,25.98,-0.307
2025-11-20,1215,82,79,0.514,0.856,197,194,77,65,39,5,179,372,35.353,25835.57,0.019,26.0,0.077
2025-11-21,1216,41,329,0.356,0.699,168,214,68,73,37,7,144,460,27.363,25220.02,-2.383,25.36,-2.462
2025-11-24,1211,150,55,0.497,0.659,171,191,71,59,38,6,148,439,31.531,25716.5,1.969,25.82,1.814
2025-11-25,1214,107,52,0.748,0.684,183,177,78,56,43,6,156,427,33.888,25894.551,0.692,26.04,0.852
2025-11-26,1208,84,59,0.808,0.679,175,184,78,70,40,6,154,426,35.146,25928.08,0.129,26.08,0.154
2025-11-27,1197,94,51,0.872,0.682,170,185,78,48,35,7,151,401,36.057,25945.93,0.069,26.06,-0.077
2025-11-28,1192,75,46,1.939,0.739,171,173,81,43,34,8,152,337,36.156,25858.891,-0.335,26.04,-0.077
2025-12-01,1186,106,75,1.647,0.811,182,148,74,45,33,8,165,294,38.468,26033.26,0.674,26.2,0.614
2025-12-02,1183,58,87,1.311,0.944,184,150,72,55,31,7,193,251,40.393,26095.051,0.237,26.24,0.153
2025-12-03,1183,54,100,1.078,0.912,173,173,81,49,31,10,167,320,37.382,25760.73,-1.281,25.94,-1.143
2025-12-04,1184,99,47,1.104,0.963,163,174,82,40,38,7,173,304,39.316,25935.9,0.68,26.14,0.771
2025-12-05,1183,86,57,1.101,1.452,176,156,80,42,34,6,203,219,40.513,26085.08,0.575,26.28,0.536
2025-12-08,1177,50,86,0.92,1.232,167,164,71,39,34,8,169,250,37.543,25765.359,-1.226,25.98,-1.142
2025-12-09,1176,43,164,0.731,0.97,165,156,60,52,33,9,150,302,31.642,25434.23,-1.285,25.62,-1.386
2025-12-10,1172,72,75,0.816,0.935,161,170,63,51,30,9,157,269,31.983,25540.779,0.419,25.7,0.312
2025-12-11,1163,49,101,0.621,0.826,147,193,60,56,29,9,158,273,30.729,25530.51,-0.04,25.76,0.233
2025-12-12,1161,159,42,0.797,0.93,154,165,59,47,27,10,168,251,36.902,25976.789,1.748,26.16,1.553
2025-12-15,1152,55,103,0.779,0.841,147,176,63,46,27,10,155,315,35.088,25628.881,-1.339,25.84,-1.223
2025-12-16,1150,33,124,0.827,0.779,133,193,56,60,27,7,146,322,29.324,25235.41,-1.535,25.44,-1.548
2025-12-17,1140,64,53,0.851,0.833,126,195,63,47,23,6,142,303,31.444,25468.779,0.925,25.66,0.865
2025-12-18,1133,50,70,0.921,0.755,124,198,55,46,20,9,137,288,29.947,25498.131,0.115,25.7,0.156
2025-12-19,1133,105,44,0.779,0.789,134,186,53,50,25,9,137,269,33.929,25690.529,0.755,25.9,0.778
2025-12-22,1133,100,67,0.983,0.866,131,190,74,46,24,10,163,222,35.268,25801.77,0.433,26.0,0.386
2025-12-23,1131,59,77,1.215,0.987,133,191,71,51,23,9,167,228,35.472,25774.141,-0.107,25.96,-0.154
2025-12-24,1117,65,36,1.289,1.031,132,181,64,52,26,10,143,249,34.688,25818.93,0.174,26.0,0.154
2025-12-29,1118,81,113,1.217,1.058,129,187,58,50,22,9,143,224,32.34,25635.23,-0.711,25.82,-0.692
2025-12-30,1122,78,70,1.055,0.911,127,189,54,58,26,9,131,269,33.183,25854.6,0.856,26.06,0.93
2025-12-31,1110,71,29,1.089,1.034,125,176,56,50,24,7,119,271,33.727,25630.539,-0.867,25.82,-0.921
2026-01-02,1112,160,50,1.527,1.368,133,159,59,45,20,6,142,238,40.054,26338.471,2.762,26.54,2.789
2026-01-05,1112,141,91,1.504,1.406,131,143,61,48,24,5,133,229,41.033,26347.24,0.033,26.52,-0.075
2026-01-06,1121,149,53,2.044,1.602,128,149,79,42,30,6,161,196,46.265,26710.449,1.379,26.88,1.357
2026-01-07,1126,123,54,2.325,1.605,132,172,83,45,35,7,189,180,49.372,26458.949,-0.942,26.66,-0.818
2026-01-08,1129,82,71,2.053,1.567,127,193,80,45,32,5,208,151,47.717,26149.311,-1.17,26.32,-1.275
2026-01-09,1127,112,47,1.921,1.73,129,177,85,41,34,9,218,142,51.257,26231.789,0.315,26.4,0.304
2026-01-12,1139,186,43,2.433,1.905,140,171,120,33,44,6,249,136,55.911,26608.48,1.436,26.8,1.515
2026-01-13,1150,103,58,2.22,2.129,141,166,128,27,46,4,320,109,59.771,26848.471,0.902,27.04,0.896
2026-01-14,1153,125,62,2.164,2.244,137,143,147,29,48,5,298,103,63.596,26999.811,0.564,27.2,0.592
2026-01-15,1155,76,86,2.034,2.044,149,136,128,27,51,4,281,110,62.719,26923.619,-0.282,27.12,-0.294
2026-01-16,1163,103,76,1.825,1.872,158,121,130,27,54,6,285,114,60.418,26844.961,-0.292,27.04,-0.295
2026-01-19,1165,87,119,1.232,1.713,169,116,164,27,54,4,283,133,58.138,26563.9,-1.047,26.76,-1.036
2026-01-20,1171,93,89,1.12,1.546,167,131,151,28,54,6,275,133,57.589,26487.51,-0.288,26.68,-0.299
2026-01-21,1178,117,61,1.104,1.522,175,129,186,27,62,5,292,140,58.549,26585.061,0.368,26.8,0.45
2026-01-22,1178,86,79,1.146,1.511,196,104,171,26,55,4,292,133,59.74,26629.961,0.169,26.86,0.224
2026-01-23,1187,123,65,1.225,1.489,204,113,181,24,63,7,326,124,60.309,26749.51,0.449,26.96,0.372
2026-01-26,1205,101,128,1.232,1.232,199,124,174,22,73,5,302,142,58.58,26765.52,0.06,26.98,0.074
2026-01-27,1211,99,87,1.252,1.185,201,128,178,25,73,5,314,149,58.361,27126.949,1.35,27.32,1.26
2026-01-28,1213,148,67,1.308,1.205,224,114,204,24,83,4,342,136,61.046,27826.91,2.58,28.04,2.635
2026-01-29,1235,136,93,1.38,1.265,223,114,218,25,87,4,388,122,63.765,27968.09,0.507,28.18,0.499
2026-01-30,1236,53,200,0.934,1.056,200,133,180,34,74,5,360,138,56.162,27387.109,-2.077,27.6,-2.058
2026-02-02,1243,45,310,0.635,0.849,179,141,136,40,60,6,332,157,47.039,26775.57,-2.233,26.94,-2.391
2026-02-03,1236,189,59,0.783,0.955,197,132,140,35,63,6,328,162,52.188,26834.77,0.221,27.0,0.223
2026-02-04,1238,107,99,0.696,0.916,217,143,145,42,62,7,349,150,52.597,26847.32,0.047,27.08,0.296
2026-02-05,1245,62,152,0.556,0.844,199,146,127,48,56,8,370,139,52.753,26885.24,0.141,27.1,0.074
2026-02-06,1243,81,101,0.671,0.788,206,139,135,48,51,9,363,155,52.961,26559.949,-1.21,26.76,-1.255
2026-02-09,1243,214,43,1.438,0.936,231,124,142,44,62,7,406,125,58.155,27027.16,1.759,27.22,1.719
2026-02-10,1236,117,51,1.303,0.98,224,116,148,48,54,8,389,136,60.729,27183.15,0.577,27.38,0.588
2026-02-11,1230,101,68,1.386,0.94,226,109,136,48,63,7,400,131,62.281,27266.381,0.306,27.48,0.365
2026-02-12,1235,90,89,1.713,0.904,218,119,144,56,69,6,408,125,59.934,27032.539,-0.858,27.24,-0.873
2026-02-13,1230,85,98,1.739,1.02,204,128,132,55,62,7,389,124,56.645,26567.119,-1.722,26.78,-1.689
2026-02-16,1226,132,43,1.504,1.467,211,125,131,48,59,5,415,107,58.25,26705.939,0.523,26.96,0.672
2026-02-20,1227,97,93,1.292,1.297,211,121,145,47,61,8,413,115,55.611,26413.35,-1.096,26.64,-1.187
2026-02-23,1233,167,63,1.479,1.431,231,120,143,34,58,8,444,122,62.129,27081.91,2.531,27.3,2.477
2026-02-24,1235,80,171,1.199,1.42,229,118,143,48,55,9,395,140,56.286,26590.32,-1.815,26.8,-1.832
2026-02-25,1236,103,72,1.31,1.499,256,107,136,48,56,9,390,147,57.225,26765.721,0.66,26.98,0.672
2026-02-26,1225,67,180,0.888,1.12,233,111,112,49,58,8,347,177,49.959,26381.02,-1.437,26.58,-1.483
2026-02-27,1220,125,69,0.977,1.107,251,108,117,43,55,7,340,180,51.616,26630.539,0.946,26.9,1.204
2026-03-02,1223,69,308,0.555,0.856,280,111,118,60,56,7,312,232,42.479,26059.85,-2.143,26.28,-2.305
2026-03-03,1215,61,328,0.444,0.692,249,137,101,77,51,9,284,294,37.209,25768.08,-1.12,25.96,-1.218
2026-03-04,1207,66,177,0.365,0.643,222,141,87,89,49,8,240,345,32.943,25249.48,-2.013,25.5,-1.772
2026-03-05,1198,142,48,0.498,0.647,220,128,97,57,53,6,249,339,35.75,25321.34,0.285,25.5,0.0
2026-03-06,1197,168,73,0.542,0.704,218,119,109,39,53,4,251,307,38.26,25757.289,1.722,25.92,1.647
2026-03-09,1195,84,181,0.646,0.6,210,137,100,47,48,7,223,332,34.346,25408.461,-1.354,25.62,-1.157
2026-03-10,1196,211,78,1.205,0.724,204,119,96,45,48,5,236,301,39.207,25959.9,2.17,26.18,2.186
2026-03-11,1193,118,87,1.548,0.727,214,110,107,43,51,3,251,280,39.255,25898.76,-0.236,26.1,-0.306
2026-03-12,1197,87,99,1.29,0.781,221,108,116,36,55,2,247,287,37.489,25716.76,-0.703,26.04,-0.23
2026-03-13,1202,59,160,0.924,0.692,210,122,102,49,48,2,231,320,35.181,25465.6,-0.977,25.72,-1.229
2026-03-16,1211,130,88,1.182,0.854,207,134,111,48,49,3,217,301,35.25,25834.02,1.447,26.12,1.555
2026-03-17,1210,64,99,0.859,1.036,205,126,93,53,49,3,207,319,34.586,25868.539,0.134,26.2,0.306
2026-03-18,1208,115,73,0.877,1.195,220,118,94,50,46,6,204,293,36.151,26025.42,0.606,26.28,0.305
2026-03-19,1225,40,299,0.567,0.87,203,132,87,70,43,6,190,356,29.373,25500.58,-2.017,25.76,-1.979
2026-03-20,1227,69,154,0.586,0.741,204,140,76,84,32,7,178,393,28.171,25277.32,-0.876,25.56,-0.776
2026-03-23,1234,43,469,0.303,0.583,179,175,69,125,25,8,157,515,20.54,24382.471,-3.54,24.7,-3.365
2026-03-24,1230,266,43,0.513,0.631,190,144,71,114,31,6,172,418,24.466,25063.711,2.794,25.36,2.672
2026-03-25,1232,165,63,0.567,0.671,206,132,78,89,36,7,199,325,28.361,25335.949,1.086,25.66,1.183
2026-03-26,1225,61,242,0.622,0.599,201,141,67,118,32,6,181,413,25.556,24856.43,-1.893,25.14,-2.027
2026-03-27,1225,177,88,0.787,0.698,201,135,76,105,29,6,193,392,27.512,24951.881,0.384,25.2,0.239
2026-03-30,1225,90,179,1.234,0.638,197,158,70,123,23,9,195,409,26.524,24750.789,-0.806,25.0,-0.794
2026-03-31,1221,85,198,0.751,0.614,190,170,69,128,26,11,178,424,26.198,24788.141,0.151,25.08,0.32
2026-04-01,1214,339,50,0.993,0.748,218,132,95,75,38,11,179,410,31.754,25294.029,2.041,25.54,1.834
2026-04-02,1215,75,126,1.195,0.85,212,150,106,70,41,8,173,442,31.784,25116.529,-0.702,25.4,-0.548
2026-04-08,1228,401,47,1.65,1.131,230,125,105,62,39,10,193,382,38.405,25893.02,3.092,26.2,3.15
2026-04-09,1218,66,124,1.772,1.487,226,139,93,66,36,6,193,418,37.759,25752.4,-0.543,26.02,-0.687
2026-04-10,1225,123,61,2.461,1.343,232,140,100,56,35,6,202,365,39.506,25893.539,0.548,26.16,0.538
2026-04-13,1228,84,125,1.551,1.21,226,149,89,63,29,7,200,401,37.408,25660.85,-0.899,25.96,-0.765
2026-04-14,1231,130,81,1.836,1.455,214,153,93,60,36,11,204,400,38.807,25872.32,0.824,26.2,0.925
2026-04-15,1234,105,78,1.083,1.401,204,164,94,60,39,11,193,439,39.902,25947.32,0.29,26.24,0.153
2026-04-16,1224,136,54,1.449,1.636,208,155,110,52,48,11,207,372,43.021,26394.26,1.722,26.7,1.753
2026-04-17,1222,79,89,1.251,1.842,209,156,117,52,38,9,201,398,42.118,26160.33,-0.886,26.44,-0.974
2026-04-20,1225,95,90,1.39,1.479,212,157,123,57,47,11,220,368,43.525,26361.07,0.767,26.66,0.832
2026-04-21,1228,73,69,1.284,1.579,215,169,104,55,40,9,218,365,45.417,26487.48,0.48,26.76,0.375
2026-04-22,1224,86,89,1.199,1.136,203,185,132,48,45,11,231,325,43.832,26163.24,-1.224,26.46,-1.121
2026-04-23,1226,74,154,0.829,1.107,198,210,132,44,52,12,258,290,41.365,25915.199,-0.948,26.2,-0.983
2026-04-24,1224,103,76,0.902,1.066,196,215,157,40,63,11,269,260,41.728,25978.07,0.243,26.26,0.229
2026-04-27,1216,108,94,0.921,1.132,192,209,144,48,63,11,257,275,41.591,25925.65,-0.202,26.24,-0.076
2026-04-28,1221,78,159,0.785,0.984,199,209,135,53,61,11,235,328,40.759,25679.779,-0.948,25.98,-0.991
2026-04-29,1216,153,68,0.936,1.046,197,199,161,49,62,13,255,271,46.717,26111.84,1.682,26.24,1.001
2026-04-30,1214,81,150,0.956,0.896,184,224,134,58,60,16,222,326,41.368,25776.529,-1.284,25.9,-1.296
2026-05-04,1207,185,59,1.142,1.028,200,211,155,50,73,15,233,306,46.057,26095.881,1.239,26.24,1.313
2026-05-05,1210,65,84,1.081,1.004,195,231,165,45,89,13,237,313,45.272,25898.609,-0.756,26.02,-0.838
2026-05-06,1217,125,138,1.22,0.988,191,223,152,50,77,15,248,287,47.088,26213.779,1.217,26.3,1.076
2026-05-07,1212,202,60,1.34,1.127,196,198,167,48,84,12,253,250,52.627,26626.279,1.574,26.76,1.749
2026-05-08,1216,129,88,1.646,1.259,199,196,144,49,73,13,264,241,52.99,26393.711,-0.873,26.5,-0.972
2026-05-11,1230,133,109,1.365,1.248,206,210,160,45,83,13,258,255,52.956,26406.84,0.05,26.54,0.151
2026-05-12,1233,74,149,1.219,1.151,205,197,152,50,75,11,288,217,50.696,26347.91,-0.223,26.48,-0.226
2026-05-13,1237,118,97,1.304,1.262,222,174,163,53,77,13,305,220,49.551,26388.439,0.154,26.52,0.151
2026-05-14,1236,67,185,0.83,1.054,199,191,148,56,72,13,371,179,47.424,26389.039,0.002,26.56,0.151
2026-05-15,1242,73,178,0.648,1.021,192,199,141,58,68,12,302,227,42.135,25962.73,-1.615,26.12,-1.657
2026-05-18,1246,88,180,0.532,0.847,194,212,129,77,65,12,261,289,39.155,25675.18,-1.108,25.82,-1.149
2026-05-19,1251,116,86,0.636,0.886,197,205,126,79,68,12,292,238,39.078,25797.85,0.478,25.98,0.62
2026-05-20,1249,105,125,0.595,0.879,185,245,137,83,69,11,280,284,36.923,25651.119,-0.569,25.86,-0.462
2026-05-21,1250,54,185,0.578,0.692,181,274,123,100,58,14,277,282,34.115,25386.52,-1.032,25.62,-0.928
2026-05-22,1249,179,60,0.852,0.744,187,265,130,81,60,12,311,242,35.137,25606.029,0.865,25.8,0.703
2026-05-26,1245,138,186,0.922,0.707,179,270,128,77,69,12,263,304,32.172,25599.449,-0.026,25.82,0.078
2026-05-27,1253,113,185,0.795,0.716,184,289,129,85,69,12,268,330,31.587,25328.23,-1.059,25.56,-1.007
2026-05-28,1261,86,226,0.677,0.638,187,322,124,110,67,12,238,424,28.686,25006.16,-1.272,25.26,-1.174
2026-05-29,1260,155,149,0.833,0.71,185,310,127,90,67,11,237,400,30.935,25182.391,0.705,25.4,0.554
2026-06-01,1261,211,135,0.798,0.821,184,315,131,91,72,9,240,382,33.892,25398.18,0.857,25.68,1.102
2026-06-02,1255,134,101,0.878,0.898,185,285,137,79,68,7,248,344,35.525,26038.32,2.52,26.32,2.492
2026-06-03,1259,97,158,0.888,0.842,183,310,127,101,70,7,243,395,33.04,25633.211,-1.556,25.94,-1.444
2026-06-04,1251,85,172,0.954,0.804,179,312,119,121,64,8,234,411,29.71,25253.4,-1.482,25.54,-1.542
2026-06-05,1256,66,198,0.776,0.805,177,333,110,120,61,7,216,450,28.067,24961.949,-1.154,25.28,-1.018
2026-06-08,1262,53,316,0.46,0.623,178,340,98,188,51,8,209,481,24.281,24657.061,-1.221,24.98,-1.187
2026-06-09,1262,131,112,0.452,0.646,189,301,94,177,56,8,213,497,25.5,24565.9,-0.37,24.9,-0.32
2026-06-10,1264,91,200,0.427,0.628,184,292,89,178,53,10,196,509,23.741,24407.961,-0.643,24.74,-0.643
2026-06-11,1260,110,118,0.478,0.683,185,298,93,172,58,10,190,504,23.978,24249.289,-0.65,24.6,-0.566
2026-06-12,1250,171,84,0.67,0.721,179,298,89,157,49,11,201,448,26.494,24718.1,1.933,25.08,1.951
2026-06-15,1250,201,86,1.173,0.737,194,259,102,130,56,10,219,434,30.105,24842.67,0.504,25.24,0.638
2026-06-16,1247,77,200,0.945,0.658,183,298,102,128,55,9,204,458,27.994,24493.949,-1.404,24.86,-1.506
2026-06-17,1242,93,135,1.047,0.665,178,318,103,122,53,14,220,475,25.61,24312.16,-0.742,24.68,-0.724
2026-06-18,1246,86,247,0.835,0.636,177,339,99,142,56,15,191,561,22.771,23924.811,-1.593,24.28,-1.621
2026-06-22,1243,145,185,0.706,0.688,181,341,96,148,58,11,192,559,22.421,23768.52,-0.653,24.16,-0.494
2026-06-23,1240,67,269,0.452,0.716,163,373,91,150,52,13,160,600,19.381,23336.279,-1.819,23.7,-1.904
2026-06-24,1231,112,153,0.509,0.688,170,366,82,180,44,14,164,610,18.174,23412.18,0.325,23.8,0.422
2026-06-25,1222,116,209,0.495,0.699,169,388,81,192,45,11,160,639,18.212,23076.91,-1.432,23.5,-1.261
2026-06-26,1216,72,262,0.475,0.623,158,373,72,209,41,10,135,708,16.805,22671.859,-1.755,23.08,-1.787
2026-06-29,1212,281,78,0.667,0.685,162,339,74,151,41,11,136,657,19.533,23026.68,1.565,23.4,1.386
2026-06-30,1213,151,141,0.868,0.639,168,308,75,160,42,8,133,690,20.1,22881.02,-0.633,23.28,-0.513
2026-07-02,1204,213,163,0.977,0.725,162,331,72,160,37,10,128,658,20.924,23055.029,0.76,23.5,0.945
2026-07-03,1202,310,58,1.463,0.88,159,303,84,128,43,9,136,589,24.474,23350.029,1.28,23.8,1.277
2026-07-06,1197,119,145,1.836,0.954,166,269,77,124,34,13,143,536,26.418,23616.32,1.14,24.08,1.176
2026-07-07,1193,55,205,1.191,0.889,156,304,74,121,30,13,133,554,23.704,23496.891,-0.506,23.92,-0.664
2026-07-08,1185,140,87,1.272,1.045,150,268,65,107,29,12,136,483,26.154,24199.461,2.99,24.66,3.094
2026-07-09,1188,97,117,1.178,1.061,152,268,78,88,34,10,130,500,24.361,24030.18,-0.7,24.46,-0.811
2026-07-10,1184,97,110,0.765,1.124,147,294,80,89,32,17,131,466,26.451,24175.119,0.603,24.62,0.654
2026-07-13,1177,60,211,0.615,1.158,137,304,75,93,29,16,134,467,25.751,24213.721,0.16,24.68,0.244
2026-07-14,1176,142,71,0.899,1.058,133,325,77,94,32,12,119,464,29.493,24340.73,0.525,24.84,0.648
2026-07-15,1169,186,52,1.037,1.164,136,281,80,91,34,10,135,418,36.474,24681.1,1.398,25.1,1.047
2026-07-16,1172,152,97,1.177,1.178,132,270,73,98,31,15,137,378,41.674,25008.6,1.327,25.46,1.434
2026-07-17,1173,31,456,0.644,0.696,117,322,62,128,28,20,130,428,36.403,24562.24,-1.785,24.98,-1.885
2026-07-20,1164,173,93,0.889,0.756,110,310,77,132,27,23,120,411,42.361,25143.051,2.365,25.58,2.402
2026-07-21,1162,214,58,1.0,0.956,116,303,82,111,31,18,129,418,44.909,25132.289,-0.043,25.6,0.078
2026-07-22,1160,110,108,0.837,0.919,115,315,88,107,32,24,139,423,45.852,24892.66,-0.953,25.34,-1.016
2026-07-23,1157,114,56,0.833,0.975,118,304,95,91,37,18,145,392,50.393,25210.811,1.278,25.68,1.342
2026-07-24,1161,52,189,1.315,0.887,112,325,95,101,34,19,144,397,44.318,24963.23,-0.982,25.42,-1.012
2026-07-27,1157,113,76,1.238,1.025,112,330,108,96,30,19,157,358,48.155,25207.18,0.977,25.7,1.101
2026-07-28,1161,49,213,0.682,0.854,111,323,108,106,31,27,177,352,47.188,25310.85,0.411,25.8,0.389
2026-07-29,1162,160,98,0.772,0.809,116,293,104,110,29,30,200,311,53.731,25807.92,1.964,26.28,1.86
2026-07-30,1159,73,156,0.611,0.725,108,294,123,128,34,39,202,314,54.354,25858.881,0.197,26.36,0.304
2026-07-31,1153,202,42,1.021,1.157,115,284,97,100,32,17,200,285,54.819,25884.43,0.099,26.4,0.152
2026-08-03,1156,144,80,1.066,1.144,117,275,81,107,32,17,175,295,56.954,26009.4,0.483,26.46,0.227
2026-08-04,1161,147,53,1.692,1.087,115,276,81,86,39,12,180,287,57.306,25852.92,-0.602,26.32,-0.529
2026-08-05,1170,202,46,2.037,1.245,129,243,99,57,40,8,204,235,61.775,25915.82,0.243,26.4,0.304
2026-08-06,1165,74,139,2.136,1.114,119,262,99,63,38,8,207,256,55.919,25530.279,-1.488,26.0,-1.515
2026-08-07,1161,176,51,2.014,1.405,119,249,119,58,44,10,244,213,57.89,25668.029,0.54,26.16,0.615
2026-08-10,1161,162,82,2.051,1.447,120,226,121,54,44,8,294,204,63.564,25937.49,1.05,26.42,0.994
2026-08-11,1160,80,116,1.599,1.645,107,270,129,50,42,8,317,190,58.777,25652.82,-1.098,26.14,-1.06
2026-08-12,1163,108,53,1.361,1.672,109,264,117,44,37,8,322,189,59.24,25440.17,-0.829,25.88,-0.995
2026-08-13,1156,82,115,1.458,1.772,106,279,99,49,35,8,329,182,55.911,25396.51,-0.172,25.88,0.0
2026-08-14,1152,86,65,1.202,1.576,105,265,104,35,33,7,365,157,54.594,25116.85,-1.101,25.6,-1.082
2026-08-17,1160,177,42,1.363,1.698,108,252,155,26,51,8,327,165,61.593,25453.23,1.339,25.96,1.406
2026-08-18,1158,96,126,1.369,1.489,119,237,143,20,50,5,348,173,56.46,25471.15,0.07,25.96,0.0
2026-08-19,1157,46,251,0.813,1.045,117,245,114,31,42,7,280,190,49.425,25495.07,0.094,26.0,0.154
2026-08-20,1159,185,63,1.079,1.243,137,217,132,27,41,6,269,215,54.192,25698.49,0.798,26.22,0.846
2026-08-21,1162,167,75,1.205,1.203,152,204,133,27,40,7,277,193,59.597,26009.461,1.21,26.5,1.068
2026-08-24,1158,76,194,0.804,1.003,138,214,135,28,50,7,293,195,52.544,25517.33,-1.892,25.98,-1.962
2026-08-25,1159,130,74,0.919,1.09,145,197,134,26,45,6,278,195,54.41,25511.1,-0.024,26.02,0.154
2026-08-26,1159,135,69,1.459,1.099,145,213,156,25,55,5,315,181,57.78,25652.971,0.556,26.14,0.461
2026-08-27,1158,127,83,1.283,1.176,151,199,165,23,55,6,299,161,57.48,25565.74,-0.34,26.1,-0.153
2026-08-28,1158,91,110,1.055,1.132,154,199,185,24,62,3,328,140,57.568,25584.789,0.075,26.12,0.077
2026-08-31,1160,112,184,1.144,0.948,155,200,145,25,49,4,303,156,52.094,25566.99,-0.07,26.08,-0.153
2026-09-01,1166,96,129,0.976,0.946,144,208,139,29,45,3,271,199,49.913,25329.73,-0.928,25.86,-0.844
2026-09-02,1167,67,119,0.789,1.078,142,228,121,31,46,4,258,213,46.392,25311.211,-0.073,25.86,0.0
2026-09-03,1173,103,79,0.755,0.989,143,227,110,37,46,3,316,140,48.335,25213.311,-0.387,25.76,-0.387
2026-09-04,1166,142,51,0.925,0.988,158,210,118,27,48,2,317,131,51.117,25650.869,1.735,26.26,1.941
2026-09-07,1167,103,129,1.008,1.077,160,203,96,43,45,2,281,168,49.27,25413.119,-0.927,26.0,-0.99
2026-09-08,1169,86,94,1.061,1.014,171,191,93,48,44,3,279,160,49.529,25317.18,-0.378,25.88,-0.462
2026-09-09,1176,104,117,1.145,0.942,191,176,106,51,49,7,270,181,49.319,25274.961,-0.167,25.84,-0.155
2026-09-10,1178,69,167,0.903,0.825,175,191,95,57,46,9,286,183,44.048,24954.471,-1.268,25.58,-1.006
2026-09-11,1179,77,153,0.665,0.785,177,177,97,58,45,10,252,214,40.017,24805.631,-0.596,25.42,-0.625
2026-09-14,1173,94,142,0.639,0.797,176,187,96,62,43,9,268,209,39.453,24917.6,0.451,25.56,0.551
2026-09-15,1172,59,138,0.562,0.76,155,214,76,89,45,8,244,244,34.103,24667.24,-1.005,25.3,-1.017
2026-09-16,1175,124,62,0.639,0.849,148,215,83,80,48,9,266,222,36.573,24713.779,0.189,25.34,0.158
2026-09-17,1171,72,77,0.745,0.823,165,208,96,68,46,8,242,253,34.046,24604.289,-0.443,25.22,-0.474
2026-09-18,1175,186,89,1.053,0.834,177,182,97,67,53,7,259,259,38.193,24750.779,0.595,25.38,0.634
2026-09-21,1179,175,76,1.394,0.938,193,169,94,62,49,9,256,248,41.497,25042.711,1.179,25.66,1.103
2026-09-22,1183,76,126,1.472,0.903,209,173,105,62,47,6,233,297,38.475,25087.75,0.18,25.74,0.312
2026-09-23,1183,90,93,1.299,0.91,210,156,93,58,40,10,239,277,37.765,24834.119,-1.011,25.44,-1.165
2026-09-24,1182,71,118,1.191,0.953,215,147,88,57,45,9,214,298,35.593,24761.131,-0.294,25.38,-0.236
2026-09-25,1181,50,90,0.918,0.986,215,146,84,63,49,11,191,349,32.485,24510.09,-1.014,25.12,-1.024
2026-09-28,1177,63,197,0.561,0.906,237,147,85,83,48,13,188,346,31.117,24642.51,0.54,25.3,0.717
2026-09-29,1173,107,69,0.672,1.017,217,157,90,70,45,14,195,341,32.763,24523.57,-0.483,25.14,-0.632
2026-09-30,1169,103,75,0.718,0.983,232,169,94,67,38,19,206,303,36.137,24613.27,0.366,25.26,0.477
2026-10-02,1164,67,172,0.647,0.894,211,161,93,60,38,20,186,339,28.596,23972.289,-2.604,24.58,-2.692
2026-10-05,1158,85,60,0.742,0.824,181,168,83,63,42,20,169,360,28.571,24040.34,0.284,24.64,0.244
2026-10-06,1137,100,60,1.06,0.766,182,160,91,71,35,16,182,323,31.36,24280.561,0.999,24.92,1.136
