Date,universe_size,new_high,new_low
2024-10-14,1151,12,8
2024-10-15,1154,10,8
2024-10-16,1161,10,6
2024-10-17,1169,12,5
2024-10-18,1175,17,3
2024-10-21,1170,18,3
2024-10-22,1172,7,3
2024-10-23,1174,20,5
2024-10-24,1172,14,7
2024-10-25,1177,16,3
2024-10-28,1178,20,10
2024-10-29,1172,22,6
2024-10-30,1152,12,10
2024-10-31,1126,14,8
2024-11-01,1104,16,8
2024-11-04,1076,11,6
2024-11-05,1028,17,4
2024-11-06,1012,18,6
2024-11-07,1008,16,7
2024-11-08,1003,14,5
2024-11-11,996,17,12
2024-11-12,995,20,11
2024-11-13,993,9,12
2024-11-14,986,8,16
2024-11-15,980,12,13
2024-11-18,973,8,18
2024-11-19,974,9,9
2024-11-20,972,16,10
2024-11-21,971,15,13
2024-11-22,970,12,20
2024-11-25,970,18,19
2024-11-26,957,12,5
2024-11-27,959,11,12
2024-11-28,959,15,9
2024-11-29,954,12,9
2024-12-02,947,15,1
2024-12-03,948,15,5
2024-12-04,940,8,3
2024-12-05,931,13,4
2024-12-06,931,18,2
2024-12-09,933,23,2
2024-12-10,938,32,5
2024-12-11,937,16,4
2024-12-12,942,20,3
2024-12-13,943,16,9
2024-12-16,938,20,12
2024-12-17,941,18,15
2024-12-18,943,23,11
2024-12-19,948,11,18
2024-12-20,945,13,15
2024-12-23,947,18,18
2024-12-24,933,10,3
2024-12-27,944,24,14
2024-12-30,947,28,11
2024-12-31,938,15,4
2025-01-02,941,22,18
2025-01-03,943,16,14
2025-01-06,934,20,27
2025-01-07,936,12,28
2025-01-08,932,7,31
2025-01-09,927,9,23
2025-01-10,917,13,40
2025-01-13,916,5,46
2025-01-14,914,9,12
2025-01-15,914,7,12
2025-01-16,919,17,7
2025-01-17,916,15,8
2025-01-20,915,19,4
2025-01-21,918,12,6
2025-01-22,921,20,14
2025-01-23,923,21,11
2025-01-24,942,26,9
2025-01-27,939,23,3
2025-01-28,915,6,2
2025-02-03,929,21,16
2025-02-04,934,25,6
2025-02-05,932,20,7
2025-02-06,930,31,3
2025-02-07,940,33,1
2025-02-10,942,32,1
2025-02-11,949,31,9
2025-02-12,958,43,7
2025-02-13,963,43,6
2025-02-14,971,38,4
2025-02-17,984,63,5
2025-02-18,988,49,7
2025-02-19,989,36,7
2025-02-20,985,37,9
2025-02-21,992,71,11
2025-02-24,1006,65,12
2025-02-25,1006,31,9
2025-02-26,1011,56,4
2025-02-27,1012,49,8
2025-02-28,1022,19,13
2025-03-03,1034,22,10
2025-03-04,1037,14,15
2025-03-05,1032,51,6
2025-03-06,1035,61,5
2025-03-07,1035,41,7
2025-03-10,1035,42,10
2025-03-11,1034,36,11
2025-03-12,1038,53,5
2025-03-13,1040,30,14
2025-03-14,1047,39,14
2025-03-17,1050,62,11
2025-03-18,1052,74,4
2025-03-19,1056,61,6
2025-03-20,1063,47,10
2025-03-21,1061,28,11
2025-03-24,1061,26,14
2025-03-25,1062,16,7
2025-03-26,1064,16,4
2025-03-27,1065,29,7
2025-03-28,1066,38,13
2025-03-31,1075,32,22
2025-04-01,1085,36,13
2025-04-02,1087,26,6
2025-04-03,1084,24,18
2025-04-07,1102,0,169
2025-04-08,1102,3,64
2025-04-09,1103,5,114
2025-04-10,1105,10,10
2025-04-11,1099,12,6
2025-04-14,1100,22,6
2025-04-15,1092,31,5
2025-04-16,1091,20,18
2025-04-17,1080,22,4
2025-04-22,1075,28,5
2025-04-23,1066,29,7
2025-04-24,1056,19,4
2025-04-25,1058,28,5
2025-04-28,1060,31,9
2025-04-29,1052,28,5
2025-04-30,1045,22,3
2025-05-02,1042,26,4
2025-05-06,1040,30,2
2025-05-07,1038,33,2
2025-05-08,1031,16,3
2025-05-09,1011,19,6
2025-05-12,1010,26,4
2025-05-13,1011,27,3
2025-05-14,1013,34,3
2025-05-15,1017,37,2
2025-05-16,1020,25,7
2025-05-19,1021,25,6
2025-05-20,1019,50,7
2025-05-21,1020,44,4
2025-05-22,1025,50,2
2025-05-23,1019,35,2
2025-05-26,1029,48,2
2025-05-27,1027,37,3
2025-05-28,1024,29,2
2025-05-29,1027,42,4
2025-05-30,1026,39,4
2025-06-02,1032,25,12
2025-06-03,1039,60,4
2025-06-04,1042,56,2
2025-06-05,1049,56,3
2025-06-06,1051,51,3
2025-06-09,1055,68,4
2025-06-10,1062,86,5
2025-06-11,1065,75,2
2025-06-12,1073,94,3
2025-06-13,1081,62,7
2025-06-16,1086,65,4
2025-06-17,1086,35,2
2025-06-18,1088,26,4
2025-06-19,1092,22,3
2025-06-20,1100,22,6
2025-06-23,1103,29,8
2025-06-24,1106,52,4
2025-06-25,1120,65,7
2025-06-26,1126,51,6
2025-06-27,1131,39,1
2025-06-30,1136,37,3
2025-07-02,1138,62,7
2025-07-03,1139,55,4
2025-07-04,1137,40,3
2025-07-07,1146,51,4
2025-07-08,1145,60,2
2025-07-09,1150,60,0
2025-07-10,1160,78,1
2025-07-11,1166,74,4
2025-07-14,1168,72,2
2025-07-15,1174,71,4
2025-07-16,1173,59,2
2025-07-17,1180,85,2
2025-07-18,1188,72,2
2025-07-21,1194,94,1
2025-07-22,1206,103,2
2025-07-23,1207,78,3
2025-07-24,1225,84,3
2025-07-25,1232,81,1
2025-07-28,1232,79,2
2025-07-29,1233,91,3
2025-07-30,1236,92,1
2025-07-31,1241,40,3
2025-08-01,1248,33,6
2025-08-04,1254,27,6
2025-08-05,1260,51,4
2025-08-06,1258,52,5
2025-08-07,1251,65,2
2025-08-08,1248,46,2
2025-08-11,1251,74,3
2025-08-12,1247,80,6
2025-08-13,1254,88,5
2025-08-14,1257,92,3
2025-08-15,1262,86,6
2025-08-18,1260,122,4
2025-08-19,1261,90,5
2025-08-20,1258,43,5
2025-08-21,1254,51,4
2025-08-22,1258,67,6
2025-08-25,1260,93,8
2025-08-26,1268,75,6
2025-08-27,1269,61,9
2025-08-28,1263,26,11
2025-08-29,1270,52,8
2025-09-01,1279,68,8
2025-09-02,1277,50,6
2025-09-03,1270,61,7
2025-09-04,1264,37,10
2025-09-05,1268,47,10
2025-09-08,1267,75,9
2025-09-09,1264,68,10
2025-09-10,1259,57,4
2025-09-11,1262,60,6
2025-09-12,1267,83,4
2025-09-15,1267,59,4
2025-09-16,1271,59,4
2025-09-17,1275,63,5
2025-09-18,1276,58,3
2025-09-19,1274,46,9
2025-09-22,1267,50,10
2025-09-23,1266,49,11
2025-09-24,1261,41,10
2025-09-25,1259,40,12
2025-09-26,1257,36,16
2025-09-29,1253,46,10
2025-09-30,1256,68,3
2025-10-02,1267,85,5
2025-10-03,1264,66,5
2025-10-06,1269,71,3
2025-10-08,1271,61,11
2025-10-09,1265,64,4
2025-10-10,1265,24,7
2025-10-13,1265,15,25
2025-10-14,1257,37,10
2025-10-15,1259,21,7
2025-10-16,1254,25,11
2025-10-17,1249,15,18
2025-10-20,1244,19,7
2025-10-21,1239,26,8
2025-10-22,1236,19,14
2025-10-23,1227,19,7
2025-10-24,1231,22,10
2025-10-27,1225,36,8
2025-10-28,1229,29,13
2025-10-30,1235,35,20
2025-10-31,1223,22,15
2025-11-03,1225,24,14
2025-11-04,1228,30,19
2025-11-05,1227,21,28
2025-11-06,1222,44,9
2025-11-07,1215,35,22
2025-11-10,1210,60,4
2025-11-11,1201,50,8
2025-11-12,1203,79,11
2025-11-13,1203,65,6
2025-11-14,1207,30,10
2025-11-17,1207,28,20
2025-11-18,1214,19,25
2025-11-19,1214,15,29
2025-11-20,1215,10,22
2025-11-21,1216,4,35
2025-11-24,1211,13,15
2025-11-25,1214,19,17
2025-11-26,1208,17,12
2025-11-27,1197,23,9
2025-11-28,1192,16,8
2025-12-01,1186,23,8
2025-12-02,1183,33,16
2025-12-03,1183,25,17
2025-12-04,1184,23,11
2025-12-05,1183,17,9
2025-12-08,1177,21,14
2025-12-09,1176,11,24
2025-12-10,1172,12,27
2025-12-11,1163,11,24
2025-12-12,1161,18,9
2025-12-15,1152,18,11
2025-12-16,1150,14,27
2025-12-17,1140,12,20
2025-12-18,1133,12,20
2025-12-19,1133,17,8
2025-12-22,1133,31,13
2025-12-23,1131,30,18
2025-12-24,1117,21,5
2025-12-29,1118,41,17
2025-12-30,1122,23,28
2025-12-31,1110,7,11
2026-01-02,1112,28,16
2026-01-05,1112,42,5
2026-01-06,1121,44,0
2026-01-07,1126,47,7
2026-01-08,1129,32,13
2026-01-09,1127,30,12
2026-01-12,1139,47,12
2026-01-13,1150,58,4
2026-01-14,1153,46,4
2026-01-15,1155,51,5
2026-01-16,1163,53,4
2026-01-19,1165,42,7
2026-01-20,1171,37,8
2026-01-21,1178,54,11
2026-01-22,1178,58,7
2026-01-23,1187,52,10
2026-01-26,1205,75,4
2026-01-27,1211,60,6
2026-01-28,1213,92,10
2026-01-29,1235,88,8
2026-01-30,1236,41,10
2026-02-02,1243,15,23
2026-02-03,1236,42,16
2026-02-04,1238,58,26
2026-02-05,1245,36,18
2026-02-06,1243,33,18
2026-02-09,1243,76,10
2026-02-10,1236,73,8
2026-02-11,1230,69,8
2026-02-12,1235,76,12
2026-02-13,1230,32,16
2026-02-16,1226,24,3
2026-02-20,1227,73,21
2026-02-23,1233,83,5
2026-02-24,1235,63,21
2026-02-25,1236,80,10
2026-02-26,1225,56,26
2026-02-27,1220,41,25
2026-03-02,1223,55,54
2026-03-03,1215,53,62
2026-03-04,1207,11,72
2026-03-05,1198,14,19
2026-03-06,1197,17,15
2026-03-09,1195,26,51
2026-03-10,1196,22,13
2026-03-11,1193,23,14
2026-03-12,1197,22,16
2026-03-13,1202,29,15
2026-03-16,1211,16,24
2026-03-17,1210,18,16
2026-03-18,1208,16,20
2026-03-19,1225,17,33
2026-03-20,1227,11,58
2026-03-23,1234,9,116
2026-03-24,1230,14,28
2026-03-25,1232,19,12
2026-03-26,1225,13,36
2026-03-27,1225,17,42
2026-03-30,1225,17,62
2026-03-31,1221,16,56
2026-04-01,1214,20,19
2026-04-02,1215,20,31
2026-04-08,1228,35,11
2026-04-09,1218,31,17
2026-04-10,1225,23,14
2026-04-13,1228,20,35
2026-04-14,1231,28,23
2026-04-15,1234,32,5
2026-04-16,1224,26,8
2026-04-17,1222,24,9
2026-04-20,1225,33,15
2026-04-21,1228,31,11
2026-04-22,1224,27,14
2026-04-23,1226,33,33
2026-04-24,1224,18,33
2026-04-27,1216,25,22
2026-04-28,1221,27,43
2026-04-29,1216,29,18
2026-04-30,1214,29,35
2026-05-04,1207,35,19
2026-05-05,1210,29,40
2026-05-06,1217,32,22
2026-05-07,1212,45,11
2026-05-08,1216,34,11
2026-05-11,1230,44,13
2026-05-12,1233,34,30
2026-05-13,1237,39,44
2026-05-14,1236,35,41
2026-05-15,1242,15,56
2026-05-18,1246,22,94
2026-05-19,1251,23,43
2026-05-20,1249,21,81
2026-05-21,1250,16,94
2026-05-22,1249,16,78
2026-05-26,1245,27,128
2026-05-27,1253,28,94
2026-05-28,1261,24,149
2026-05-29,1260,28,68
2026-06-01,1261,28,28
2026-06-02,1255,22,27
2026-06-03,1259,23,43
2026-06-04,1251,17,75
2026-06-05,1256,18,85
2026-06-08,1262,13,175
2026-06-09,1262,10,109
2026-06-10,1264,15,133
2026-06-11,1260,17,92
2026-06-12,1250,22,21
2026-06-15,1250,23,28
2026-06-16,1247,18,92
2026-06-17,1242,16,133
2026-06-18,1246,19,219
2026-06-22,1243,20,264
2026-06-23,1240,15,168
2026-06-24,1231,9,192
2026-06-25,1222,14,257
2026-06-26,1216,9,279
2026-06-29,1212,13,95
2026-06-30,1213,15,129
2026-07-02,1204,15,32
2026-07-03,1202,18,14
2026-07-06,1197,16,18
2026-07-07,1193,10,29
2026-07-08,1185,7,15
2026-07-09,1188,12,21
2026-07-10,1184,14,19
2026-07-13,1177,6,55
2026-07-14,1176,8,58
2026-07-15,1169,14,10
2026-07-16,1172,10,4
2026-07-17,1173,9,52
2026-07-20,1164,6,28
2026-07-21,1162,7,20
2026-07-22,1160,10,16
2026-07-23,1157,13,14
2026-07-24,1161,15,25
2026-07-27,1157,16,28
2026-07-28,1161,21,37
2026-07-29,1162,25,21
2026-07-30,1159,25,20
2026-07-31,1153,10,6
2026-08-03,1156,15,13
2026-08-04,1161,13,11
2026-08-05,1170,18,7
2026-08-06,1165,13,10
2026-08-07,1161,18,18
2026-08-10,1161,18,9
2026-08-11,1160,24,7
2026-08-12,1163,10,15
2026-08-13,1156,13,15
2026-08-14,1152,13,17
2026-08-17,1160,18,11
2026-08-18,1158,23,24
2026-08-19,1157,19,47
2026-08-20,1159,24,16
2026-08-21,1162,25,20
2026-08-24,1158,19,45
2026-08-25,1159,17,32
2026-08-26,1159,23,20
2026-08-27,1158,11,36
2026-08-28,1158,16,27
2026-08-31,1160,22,66
2026-09-01,1166,23,55
2026-09-02,1167,22,78
2026-09-03,1173,28,39
2026-09-04,1166,24,20
2026-09-07,1167,15,39
2026-09-08,1169,21,38
2026-09-09,1176,22,52
2026-09-10,1178,10,100
2026-09-11,1179,13,125
2026-09-14,1173,20,82
2026-09-15,1172,12,101
2026-09-16,1175,12,117
2026-09-17,1171,18,78
2026-09-18,1175,17,56
2026-09-21,1179,17,39
2026-09-22,1183,14,34
2026-09-23,1183,10,46
2026-09-24,1182,14,65
2026-09-25,1181,16,127
2026-09-28,1177,18,44
2026-09-29,1173,16,45
2026-09-30,1169,19,35
2026-10-02,1164,12,116
2026-10-05,1158,11,82
2026-10-06,1153,14,28
2026-10-07,1157,11,48
2026-10-08,1149,11,58
2026-10-09,1132,9,74
