ticker,name,market,sector,close,chg_pct,volume,turnover_hkd,day_high,prior_52w_high,dist_pct
1566.HK,CA CULTURAL,Main Board,-,6.155,31.1,18165100,111806190,6.29,6.05,1.74
3816.HK,KFM KINGDOM,Main Board,-,5.795,12.74,6328000,36670760,5.99,5.39,7.51
2450.HK,HUAIBEI GD CO,Main Board,-,16.75,8.48,372440,6238370,17.0,16.68,0.42
0178.HK,SA SA INT'L,Main Board,-,1.3,8.33,33905065,44076584,1.325,1.21,7.44
1112.HK,H&H INTL HLDG,Main Board,-,19.84,2.8,2347500,46574400,20.18,19.49,1.8
3328.HK,BANKCOMM,Main Board,-,8.35,1.77,30243463,252532916,8.47,8.38,-0.36
0805.HK,NEW GONOW RV,Main Board,-,12.8,-0.7,6890000,88192000,13.5,13.1,-2.29
2285.HK,CHERVON,Main Board,-,31.26,-0.89,4729939,147857893,32.400002,31.74,-1.51
1871.HK,CHINA ORIENTED,Main Board,-,0.48,-6.8,1004000,481920,0.55,0.54,-11.11
0821.HK,VC HOLDINGS,Main Board,-,0.575,-8.0,9916800,5702160,0.685,0.63,-8.73
